air	0,0,0,0,0,0,1,1,1,0,0,0,0,0,0,1,1,1
stone	75,45,0,0,2.5,0,0.375,0.375,0.375,75,45,0,0,2.5,0,0.375,0.375,0.375
granite	75,45,0,0,2.5,0,0.375,0.375,0.375,75,45,0,0,2.5,0,0.375,0.375,0.375
polished_granite	75,45,0,0,2.5,0,0.375,0.375,0.375,75,45,0,0,2.5,0,0.375,0.375,0.375
diorite	75,45,0,0,2.5,0,0.375,0.375,0.375,75,45,0,0,2.5,0,0.375,0.375,0.375
polished_diorite	75,45,0,0,2.5,0,0.375,0.375,0.375,75,45,0,0,2.5,0,0.375,0.375,0.375
andesite	75,45,0,0,2.5,0,0.375,0.375,0.375,75,45,0,0,2.5,0,0.375,0.375,0.375
polished_andesite	75,45,0,0,2.5,0,0.375,0.375,0.375,75,45,0,0,2.5,0,0.375,0.375,0.375
deepslate	75,45,0,0,2.5,0,0.375,0.375,0.375,75,45,0,0,2.5,0,0.375,0.375,0.375
cobbled_deepslate	75,45,0,0,2.5,0,0.375,0.375,0.375,75,45,0,0,2.5,0,0.375,0.375,0.375
polished_deepslate	75,45,0,0,2.5,0,0.375,0.375,0.375,75,45,0,0,2.5,0,0.375,0.375,0.375
calcite	75,45,0,0,2.5,0,0.375,0.375,0.375,75,45,0,0,2.5,0,0.375,0.375,0.375
tuff	75,45,0,0,2.5,0,0.375,0.375,0.375,75,45,0,0,2.5,0,0.375,0.375,0.375
dripstone_block	75,45,0,0,2.5,0,0.375,0.375,0.375,75,45,0,0,2.5,0,0.375,0.375,0.375
grass_block	75,45,0,0,2.5,0,0.375,0.375,0.375,75,45,0,0,2.5,0,0.375,0.375,0.375
dirt	75,45,0,0,2.5,0,0.375,0.375,0.375,75,45,0,0,2.5,0,0.375,0.375,0.375
coarse_dirt	75,45,0,0,2.5,0,0.375,0.375,0.375,75,45,0,0,2.5,0,0.375,0.375,0.375
podzol	75,45,0,0,2.5,0,0.375,0.375,0.375,75,45,0,0,2.5,0,0.375,0.375,0.375
rooted_dirt	75,45,0,0,2.5,0,0.375,0.375,0.375,75,45,0,0,2.5,0,0.375,0.375,0.375
mud	75,45,0,0,2.5,0,0.375,0.375,0.375,75,45,0,0,2.5,0,0.375,0.375,0.375
crimson_nylium	75,45,0,0,2.5,0,0.375,0.375,0.375,75,45,0,0,2.5,0,0.375,0.375,0.375
warped_nylium	75,45,0,0,2.5,0,0.375,0.375,0.375,75,45,0,0,2.5,0,0.375,0.375,0.375
cobblestone	75,45,0,0,2.5,0,0.375,0.375,0.375,75,45,0,0,2.5,0,0.375,0.375,0.375
oak_planks	75,45,0,0,2.5,0,0.375,0.375,0.375,75,45,0,0,2.5,0,0.375,0.375,0.375
spruce_planks	75,45,0,0,2.5,0,0.375,0.375,0.375,75,45,0,0,2.5,0,0.375,0.375,0.375
birch_planks	75,45,0,0,2.5,0,0.375,0.375,0.375,75,45,0,0,2.5,0,0.375,0.375,0.375
jungle_planks	75,45,0,0,2.5,0,0.375,0.375,0.375,75,45,0,0,2.5,0,0.375,0.375,0.375
acacia_planks	75,45,0,0,2.5,0,0.375,0.375,0.375,75,45,0,0,2.5,0,0.375,0.375,0.375
cherry_planks	75,45,0,0,2.5,0,0.375,0.375,0.375,75,45,0,0,2.5,0,0.375,0.375,0.375
dark_oak_planks	75,45,0,0,2.5,0,0.375,0.375,0.375,75,45,0,0,2.5,0,0.375,0.375,0.375
mangrove_planks	75,45,0,0,2.5,0,0.375,0.375,0.375,75,45,0,0,2.5,0,0.375,0.375,0.375
bamboo_planks	75,45,0,0,2.5,0,0.375,0.375,0.375,75,45,0,0,2.5,0,0.375,0.375,0.375
crimson_planks	75,45,0,0,2.5,0,0.375,0.375,0.375,75,45,0,0,2.5,0,0.375,0.375,0.375
warped_planks	75,45,0,0,2.5,0,0.375,0.375,0.375,75,45,0,0,2.5,0,0.375,0.375,0.375
bamboo_mosaic	75,45,0,0,2.5,0,0.375,0.375,0.375,75,45,0,0,2.5,0,0.375,0.375,0.375
oak_sapling	0,0,0,0,3,1,0.55,0.55,0.55,0,0,0,0,3,1,0.55,0.55,0.55
spruce_sapling	0,0,0,0,3,1,0.55,0.55,0.55,0,0,0,0,3,1,0.55,0.55,0.55
birch_sapling	0,0,0,0,3,1,0.55,0.55,0.55,0,0,0,0,3,1,0.55,0.55,0.55
jungle_sapling	0,0,0,0,3,1,0.55,0.55,0.55,0,0,0,0,3,1,0.55,0.55,0.55
acacia_sapling	0,0,0,0,3,1,0.55,0.55,0.55,0,0,0,0,3,1,0.55,0.55,0.55
cherry_sapling	0,0,0,0,3,1,0.55,0.55,0.55,0,0,0,0,3,1,0.55,0.55,0.55
dark_oak_sapling	0,0,0,0,3,1,0.55,0.55,0.55,0,0,0,0,3,1,0.55,0.55,0.55
mangrove_propagule	0,0,0,0,3,1,0.55,0.55,0.55,0,0,0,0,3,1,0.55,0.55,0.55
bedrock	75,45,0,0,2.5,0,0.375,0.375,0.375,75,45,0,0,2.5,0,0.375,0.375,0.375
sand	75,45,0,0,2.5,0,0.375,0.375,0.375,75,45,0,0,2.5,0,0.375,0.375,0.375
suspicious_sand	75,45,0,0,2.5,0,0.375,0.375,0.375,75,45,0,0,2.5,0,0.375,0.375,0.375
suspicious_gravel	75,45,0,0,2.5,0,0.375,0.375,0.375,75,45,0,0,2.5,0,0.375,0.375,0.375
red_sand	75,45,0,0,2.5,0,0.375,0.375,0.375,75,45,0,0,2.5,0,0.375,0.375,0.375
gravel	75,45,0,0,2.5,0,0.375,0.375,0.375,75,45,0,0,2.5,0,0.375,0.375,0.375
coal_ore	75,45,0,0,2.5,0,0.375,0.375,0.375,75,45,0,0,2.5,0,0.375,0.375,0.375
deepslate_coal_ore	75,45,0,0,2.5,0,0.375,0.375,0.375,75,45,0,0,2.5,0,0.375,0.375,0.375
iron_ore	75,45,0,0,2.5,0,0.375,0.375,0.375,75,45,0,0,2.5,0,0.375,0.375,0.375
deepslate_iron_ore	75,45,0,0,2.5,0,0.375,0.375,0.375,75,45,0,0,2.5,0,0.375,0.375,0.375
copper_ore	75,45,0,0,2.5,0,0.375,0.375,0.375,75,45,0,0,2.5,0,0.375,0.375,0.375
deepslate_copper_ore	75,45,0,0,2.5,0,0.375,0.375,0.375,75,45,0,0,2.5,0,0.375,0.375,0.375
gold_ore	75,45,0,0,2.5,0,0.375,0.375,0.375,75,45,0,0,2.5,0,0.375,0.375,0.375
deepslate_gold_ore	75,45,0,0,2.5,0,0.375,0.375,0.375,75,45,0,0,2.5,0,0.375,0.375,0.375
redstone_ore	75,45,0,0,2.5,0,0.375,0.375,0.375,75,45,0,0,2.5,0,0.375,0.375,0.375
deepslate_redstone_ore	75,45,0,0,2.5,0,0.375,0.375,0.375,75,45,0,0,2.5,0,0.375,0.375,0.375
emerald_ore	75,45,0,0,2.5,0,0.375,0.375,0.375,75,45,0,0,2.5,0,0.375,0.375,0.375
deepslate_emerald_ore	75,45,0,0,2.5,0,0.375,0.375,0.375,75,45,0,0,2.5,0,0.375,0.375,0.375
lapis_ore	75,45,0,0,2.5,0,0.375,0.375,0.375,75,45,0,0,2.5,0,0.375,0.375,0.375
deepslate_lapis_ore	75,45,0,0,2.5,0,0.375,0.375,0.375,75,45,0,0,2.5,0,0.375,0.375,0.375
diamond_ore	75,45,0,0,2.5,0,0.375,0.375,0.375,75,45,0,0,2.5,0,0.375,0.375,0.375
deepslate_diamond_ore	75,45,0,0,2.5,0,0.375,0.375,0.375,75,45,0,0,2.5,0,0.375,0.375,0.375
nether_gold_ore	75,45,0,0,2.5,0,0.375,0.375,0.375,75,45,0,0,2.5,0,0.375,0.375,0.375
nether_quartz_ore	75,45,0,0,2.5,0,0.375,0.375,0.375,75,45,0,0,2.5,0,0.375,0.375,0.375
ancient_debris	75,45,0,0,2.5,0,0.375,0.375,0.375,75,45,0,0,2.5,0,0.375,0.375,0.375
coal_block	75,45,0,0,2.5,0,0.375,0.375,0.375,75,45,0,0,2.5,0,0.375,0.375,0.375
raw_iron_block	75,45,0,0,2.5,0,0.375,0.375,0.375,75,45,0,0,2.5,0,0.375,0.375,0.375
raw_copper_block	75,45,0,0,2.5,0,0.375,0.375,0.375,75,45,0,0,2.5,0,0.375,0.375,0.375
raw_gold_block	75,45,0,0,2.5,0,0.375,0.375,0.375,75,45,0,0,2.5,0,0.375,0.375,0.375
amethyst_block	75,45,0,0,2.5,0,0.375,0.375,0.375,75,45,0,0,2.5,0,0.375,0.375,0.375
budding_amethyst	75,45,0,0,2.5,0,0.375,0.375,0.375,75,45,0,0,2.5,0,0.375,0.375,0.375
iron_block	75,45,0,0,2.5,0,0.375,0.375,0.375,75,45,0,0,2.5,0,0.375,0.375,0.375
copper_block	75,45,0,0,2.5,0,0.375,0.375,0.375,75,45,0,0,2.5,0,0.375,0.375,0.375
gold_block	75,45,0,0,2.5,0,0.375,0.375,0.375,75,45,0,0,2.5,0,0.375,0.375,0.375
diamond_block	75,45,0,0,2.5,0,0.375,0.375,0.375,75,45,0,0,2.5,0,0.375,0.375,0.375
netherite_block	75,45,0,0,2.5,0,0.375,0.375,0.375,75,45,0,0,2.5,0,0.375,0.375,0.375
exposed_copper	75,45,0,0,2.5,0,0.375,0.375,0.375,75,45,0,0,2.5,0,0.375,0.375,0.375
weathered_copper	75,45,0,0,2.5,0,0.375,0.375,0.375,75,45,0,0,2.5,0,0.375,0.375,0.375
oxidized_copper	75,45,0,0,2.5,0,0.375,0.375,0.375,75,45,0,0,2.5,0,0.375,0.375,0.375
cut_copper	75,45,0,0,2.5,0,0.375,0.375,0.375,75,45,0,0,2.5,0,0.375,0.375,0.375
exposed_cut_copper	75,45,0,0,2.5,0,0.375,0.375,0.375,75,45,0,0,2.5,0,0.375,0.375,0.375
weathered_cut_copper	75,45,0,0,2.5,0,0.375,0.375,0.375,75,45,0,0,2.5,0,0.375,0.375,0.375
oxidized_cut_copper	75,45,0,0,2.5,0,0.375,0.375,0.375,75,45,0,0,2.5,0,0.375,0.375,0.375
cut_copper_stairs	75,45,0,0,2.5,0,0.375,0.375,0.375,75,-135,0,0,2.5,0,0.375,0.375,0.375
exposed_cut_copper_stairs	75,45,0,0,2.5,0,0.375,0.375,0.375,75,-135,0,0,2.5,0,0.375,0.375,0.375
weathered_cut_copper_stairs	75,45,0,0,2.5,0,0.375,0.375,0.375,75,-135,0,0,2.5,0,0.375,0.375,0.375
oxidized_cut_copper_stairs	75,45,0,0,2.5,0,0.375,0.375,0.375,75,-135,0,0,2.5,0,0.375,0.375,0.375
cut_copper_slab	75,45,0,0,2.5,0,0.375,0.375,0.375,75,45,0,0,2.5,0,0.375,0.375,0.375
exposed_cut_copper_slab	75,45,0,0,2.5,0,0.375,0.375,0.375,75,45,0,0,2.5,0,0.375,0.375,0.375
weathered_cut_copper_slab	75,45,0,0,2.5,0,0.375,0.375,0.375,75,45,0,0,2.5,0,0.375,0.375,0.375
oxidized_cut_copper_slab	75,45,0,0,2.5,0,0.375,0.375,0.375,75,45,0,0,2.5,0,0.375,0.375,0.375
waxed_copper_block	75,45,0,0,2.5,0,0.375,0.375,0.375,75,45,0,0,2.5,0,0.375,0.375,0.375
waxed_exposed_copper	75,45,0,0,2.5,0,0.375,0.375,0.375,75,45,0,0,2.5,0,0.375,0.375,0.375
waxed_weathered_copper	75,45,0,0,2.5,0,0.375,0.375,0.375,75,45,0,0,2.5,0,0.375,0.375,0.375
waxed_oxidized_copper	75,45,0,0,2.5,0,0.375,0.375,0.375,75,45,0,0,2.5,0,0.375,0.375,0.375
waxed_cut_copper	75,45,0,0,2.5,0,0.375,0.375,0.375,75,45,0,0,2.5,0,0.375,0.375,0.375
waxed_exposed_cut_copper	75,45,0,0,2.5,0,0.375,0.375,0.375,75,45,0,0,2.5,0,0.375,0.375,0.375
waxed_weathered_cut_copper	75,45,0,0,2.5,0,0.375,0.375,0.375,75,45,0,0,2.5,0,0.375,0.375,0.375
waxed_oxidized_cut_copper	75,45,0,0,2.5,0,0.375,0.375,0.375,75,45,0,0,2.5,0,0.375,0.375,0.375
waxed_cut_copper_stairs	75,45,0,0,2.5,0,0.375,0.375,0.375,75,-135,0,0,2.5,0,0.375,0.375,0.375
waxed_exposed_cut_copper_stairs	75,45,0,0,2.5,0,0.375,0.375,0.375,75,-135,0,0,2.5,0,0.375,0.375,0.375
waxed_weathered_cut_copper_stairs	75,45,0,0,2.5,0,0.375,0.375,0.375,75,-135,0,0,2.5,0,0.375,0.375,0.375
waxed_oxidized_cut_copper_stairs	75,45,0,0,2.5,0,0.375,0.375,0.375,75,-135,0,0,2.5,0,0.375,0.375,0.375
waxed_cut_copper_slab	75,45,0,0,2.5,0,0.375,0.375,0.375,75,45,0,0,2.5,0,0.375,0.375,0.375
waxed_exposed_cut_copper_slab	75,45,0,0,2.5,0,0.375,0.375,0.375,75,45,0,0,2.5,0,0.375,0.375,0.375
waxed_weathered_cut_copper_slab	75,45,0,0,2.5,0,0.375,0.375,0.375,75,45,0,0,2.5,0,0.375,0.375,0.375
waxed_oxidized_cut_copper_slab	75,45,0,0,2.5,0,0.375,0.375,0.375,75,45,0,0,2.5,0,0.375,0.375,0.375
oak_log	75,45,0,0,2.5,0,0.375,0.375,0.375,75,45,0,0,2.5,0,0.375,0.375,0.375
spruce_log	75,45,0,0,2.5,0,0.375,0.375,0.375,75,45,0,0,2.5,0,0.375,0.375,0.375
birch_log	75,45,0,0,2.5,0,0.375,0.375,0.375,75,45,0,0,2.5,0,0.375,0.375,0.375
jungle_log	75,45,0,0,2.5,0,0.375,0.375,0.375,75,45,0,0,2.5,0,0.375,0.375,0.375
acacia_log	75,45,0,0,2.5,0,0.375,0.375,0.375,75,45,0,0,2.5,0,0.375,0.375,0.375
cherry_log	75,45,0,0,2.5,0,0.375,0.375,0.375,75,45,0,0,2.5,0,0.375,0.375,0.375
dark_oak_log	75,45,0,0,2.5,0,0.375,0.375,0.375,75,45,0,0,2.5,0,0.375,0.375,0.375
mangrove_log	75,45,0,0,2.5,0,0.375,0.375,0.375,75,45,0,0,2.5,0,0.375,0.375,0.375
mangrove_roots	75,45,0,0,2.5,0,0.375,0.375,0.375,75,45,0,0,2.5,0,0.375,0.375,0.375
muddy_mangrove_roots	75,45,0,0,2.5,0,0.375,0.375,0.375,75,45,0,0,2.5,0,0.375,0.375,0.375
crimson_stem	75,45,0,0,2.5,0,0.375,0.375,0.375,75,45,0,0,2.5,0,0.375,0.375,0.375
warped_stem	75,45,0,0,2.5,0,0.375,0.375,0.375,75,45,0,0,2.5,0,0.375,0.375,0.375
bamboo_block	75,45,0,0,2.5,0,0.375,0.375,0.375,75,45,0,0,2.5,0,0.375,0.375,0.375
stripped_oak_log	75,45,0,0,2.5,0,0.375,0.375,0.375,75,45,0,0,2.5,0,0.375,0.375,0.375
stripped_spruce_log	75,45,0,0,2.5,0,0.375,0.375,0.375,75,45,0,0,2.5,0,0.375,0.375,0.375
stripped_birch_log	75,45,0,0,2.5,0,0.375,0.375,0.375,75,45,0,0,2.5,0,0.375,0.375,0.375
stripped_jungle_log	75,45,0,0,2.5,0,0.375,0.375,0.375,75,45,0,0,2.5,0,0.375,0.375,0.375
stripped_acacia_log	75,45,0,0,2.5,0,0.375,0.375,0.375,75,45,0,0,2.5,0,0.375,0.375,0.375
stripped_cherry_log	75,45,0,0,2.5,0,0.375,0.375,0.375,75,45,0,0,2.5,0,0.375,0.375,0.375
stripped_dark_oak_log	75,45,0,0,2.5,0,0.375,0.375,0.375,75,45,0,0,2.5,0,0.375,0.375,0.375
stripped_mangrove_log	75,45,0,0,2.5,0,0.375,0.375,0.375,75,45,0,0,2.5,0,0.375,0.375,0.375
stripped_crimson_stem	75,45,0,0,2.5,0,0.375,0.375,0.375,75,45,0,0,2.5,0,0.375,0.375,0.375
stripped_warped_stem	75,45,0,0,2.5,0,0.375,0.375,0.375,75,45,0,0,2.5,0,0.375,0.375,0.375
stripped_oak_wood	75,45,0,0,2.5,0,0.375,0.375,0.375,75,45,0,0,2.5,0,0.375,0.375,0.375
stripped_spruce_wood	75,45,0,0,2.5,0,0.375,0.375,0.375,75,45,0,0,2.5,0,0.375,0.375,0.375
stripped_birch_wood	75,45,0,0,2.5,0,0.375,0.375,0.375,75,45,0,0,2.5,0,0.375,0.375,0.375
stripped_jungle_wood	75,45,0,0,2.5,0,0.375,0.375,0.375,75,45,0,0,2.5,0,0.375,0.375,0.375
stripped_acacia_wood	75,45,0,0,2.5,0,0.375,0.375,0.375,75,45,0,0,2.5,0,0.375,0.375,0.375
stripped_cherry_wood	75,45,0,0,2.5,0,0.375,0.375,0.375,75,45,0,0,2.5,0,0.375,0.375,0.375
stripped_dark_oak_wood	75,45,0,0,2.5,0,0.375,0.375,0.375,75,45,0,0,2.5,0,0.375,0.375,0.375
stripped_mangrove_wood	75,45,0,0,2.5,0,0.375,0.375,0.375,75,45,0,0,2.5,0,0.375,0.375,0.375
stripped_crimson_hyphae	75,45,0,0,2.5,0,0.375,0.375,0.375,75,45,0,0,2.5,0,0.375,0.375,0.375
stripped_warped_hyphae	75,45,0,0,2.5,0,0.375,0.375,0.375,75,45,0,0,2.5,0,0.375,0.375,0.375
stripped_bamboo_block	75,45,0,0,2.5,0,0.375,0.375,0.375,75,45,0,0,2.5,0,0.375,0.375,0.375
oak_wood	75,45,0,0,2.5,0,0.375,0.375,0.375,75,45,0,0,2.5,0,0.375,0.375,0.375
spruce_wood	75,45,0,0,2.5,0,0.375,0.375,0.375,75,45,0,0,2.5,0,0.375,0.375,0.375
birch_wood	75,45,0,0,2.5,0,0.375,0.375,0.375,75,45,0,0,2.5,0,0.375,0.375,0.375
jungle_wood	75,45,0,0,2.5,0,0.375,0.375,0.375,75,45,0,0,2.5,0,0.375,0.375,0.375
acacia_wood	75,45,0,0,2.5,0,0.375,0.375,0.375,75,45,0,0,2.5,0,0.375,0.375,0.375
cherry_wood	75,45,0,0,2.5,0,0.375,0.375,0.375,75,45,0,0,2.5,0,0.375,0.375,0.375
dark_oak_wood	75,45,0,0,2.5,0,0.375,0.375,0.375,75,45,0,0,2.5,0,0.375,0.375,0.375
mangrove_wood	75,45,0,0,2.5,0,0.375,0.375,0.375,75,45,0,0,2.5,0,0.375,0.375,0.375
crimson_hyphae	75,45,0,0,2.5,0,0.375,0.375,0.375,75,45,0,0,2.5,0,0.375,0.375,0.375
warped_hyphae	75,45,0,0,2.5,0,0.375,0.375,0.375,75,45,0,0,2.5,0,0.375,0.375,0.375
oak_leaves	75,45,0,0,2.5,0,0.375,0.375,0.375,75,45,0,0,2.5,0,0.375,0.375,0.375
spruce_leaves	75,45,0,0,2.5,0,0.375,0.375,0.375,75,45,0,0,2.5,0,0.375,0.375,0.375
birch_leaves	75,45,0,0,2.5,0,0.375,0.375,0.375,75,45,0,0,2.5,0,0.375,0.375,0.375
jungle_leaves	75,45,0,0,2.5,0,0.375,0.375,0.375,75,45,0,0,2.5,0,0.375,0.375,0.375
acacia_leaves	75,45,0,0,2.5,0,0.375,0.375,0.375,75,45,0,0,2.5,0,0.375,0.375,0.375
cherry_leaves	75,45,0,0,2.5,0,0.375,0.375,0.375,75,45,0,0,2.5,0,0.375,0.375,0.375
dark_oak_leaves	75,45,0,0,2.5,0,0.375,0.375,0.375,75,45,0,0,2.5,0,0.375,0.375,0.375
mangrove_leaves	75,45,0,0,2.5,0,0.375,0.375,0.375,75,45,0,0,2.5,0,0.375,0.375,0.375
azalea_leaves	75,45,0,0,2.5,0,0.375,0.375,0.375,75,45,0,0,2.5,0,0.375,0.375,0.375
flowering_azalea_leaves	75,45,0,0,2.5,0,0.375,0.375,0.375,75,45,0,0,2.5,0,0.375,0.375,0.375
sponge	75,45,0,0,2.5,0,0.375,0.375,0.375,75,45,0,0,2.5,0,0.375,0.375,0.375
wet_sponge	75,45,0,0,2.5,0,0.375,0.375,0.375,75,45,0,0,2.5,0,0.375,0.375,0.375
glass	75,45,0,0,2.5,0,0.375,0.375,0.375,75,45,0,0,2.5,0,0.375,0.375,0.375
tinted_glass	75,45,0,0,2.5,0,0.375,0.375,0.375,75,45,0,0,2.5,0,0.375,0.375,0.375
lapis_block	75,45,0,0,2.5,0,0.375,0.375,0.375,75,45,0,0,2.5,0,0.375,0.375,0.375
sandstone	75,45,0,0,2.5,0,0.375,0.375,0.375,75,45,0,0,2.5,0,0.375,0.375,0.375
chiseled_sandstone	75,45,0,0,2.5,0,0.375,0.375,0.375,75,45,0,0,2.5,0,0.375,0.375,0.375
cut_sandstone	75,45,0,0,2.5,0,0.375,0.375,0.375,75,45,0,0,2.5,0,0.375,0.375,0.375
cobweb	0,0,0,0,3,1,0.55,0.55,0.55,0,0,0,0,3,1,0.55,0.55,0.55
grass	0,0,0,0,3,1,0.55,0.55,0.55,0,0,0,0,3,1,0.55,0.55,0.55
fern	0,0,0,0,3,1,0.55,0.55,0.55,0,0,0,0,3,1,0.55,0.55,0.55
azalea	75,45,0,0,2.5,0,0.375,0.375,0.375,75,45,0,0,2.5,0,0.375,0.375,0.375
flowering_azalea	75,45,0,0,2.5,0,0.375,0.375,0.375,75,45,0,0,2.5,0,0.375,0.375,0.375
dead_bush	0,0,0,0,3,1,0.55,0.55,0.55,0,0,0,0,3,1,0.55,0.55,0.55
seagrass	0,0,0,0,3,1,0.55,0.55,0.55,0,0,0,0,3,1,0.55,0.55,0.55
sea_pickle	0,0,0,0,3,1,0.55,0.55,0.55,0,0,0,0,3,1,0.55,0.55,0.55
white_wool	75,45,0,0,2.5,0,0.375,0.375,0.375,75,45,0,0,2.5,0,0.375,0.375,0.375
orange_wool	75,45,0,0,2.5,0,0.375,0.375,0.375,75,45,0,0,2.5,0,0.375,0.375,0.375
magenta_wool	75,45,0,0,2.5,0,0.375,0.375,0.375,75,45,0,0,2.5,0,0.375,0.375,0.375
light_blue_wool	75,45,0,0,2.5,0,0.375,0.375,0.375,75,45,0,0,2.5,0,0.375,0.375,0.375
yellow_wool	75,45,0,0,2.5,0,0.375,0.375,0.375,75,45,0,0,2.5,0,0.375,0.375,0.375
lime_wool	75,45,0,0,2.5,0,0.375,0.375,0.375,75,45,0,0,2.5,0,0.375,0.375,0.375
pink_wool	75,45,0,0,2.5,0,0.375,0.375,0.375,75,45,0,0,2.5,0,0.375,0.375,0.375
gray_wool	75,45,0,0,2.5,0,0.375,0.375,0.375,75,45,0,0,2.5,0,0.375,0.375,0.375
light_gray_wool	75,45,0,0,2.5,0,0.375,0.375,0.375,75,45,0,0,2.5,0,0.375,0.375,0.375
cyan_wool	75,45,0,0,2.5,0,0.375,0.375,0.375,75,45,0,0,2.5,0,0.375,0.375,0.375
purple_wool	75,45,0,0,2.5,0,0.375,0.375,0.375,75,45,0,0,2.5,0,0.375,0.375,0.375
blue_wool	75,45,0,0,2.5,0,0.375,0.375,0.375,75,45,0,0,2.5,0,0.375,0.375,0.375
brown_wool	75,45,0,0,2.5,0,0.375,0.375,0.375,75,45,0,0,2.5,0,0.375,0.375,0.375
green_wool	75,45,0,0,2.5,0,0.375,0.375,0.375,75,45,0,0,2.5,0,0.375,0.375,0.375
red_wool	75,45,0,0,2.5,0,0.375,0.375,0.375,75,45,0,0,2.5,0,0.375,0.375,0.375
black_wool	75,45,0,0,2.5,0,0.375,0.375,0.375,75,45,0,0,2.5,0,0.375,0.375,0.375
dandelion	0,0,0,0,3,1,0.55,0.55,0.55,0,0,0,0,3,1,0.55,0.55,0.55
poppy	0,0,0,0,3,1,0.55,0.55,0.55,0,0,0,0,3,1,0.55,0.55,0.55
blue_orchid	0,0,0,0,3,1,0.55,0.55,0.55,0,0,0,0,3,1,0.55,0.55,0.55
allium	0,0,0,0,3,1,0.55,0.55,0.55,0,0,0,0,3,1,0.55,0.55,0.55
azure_bluet	0,0,0,0,3,1,0.55,0.55,0.55,0,0,0,0,3,1,0.55,0.55,0.55
red_tulip	0,0,0,0,3,1,0.55,0.55,0.55,0,0,0,0,3,1,0.55,0.55,0.55
orange_tulip	0,0,0,0,3,1,0.55,0.55,0.55,0,0,0,0,3,1,0.55,0.55,0.55
white_tulip	0,0,0,0,3,1,0.55,0.55,0.55,0,0,0,0,3,1,0.55,0.55,0.55
pink_tulip	0,0,0,0,3,1,0.55,0.55,0.55,0,0,0,0,3,1,0.55,0.55,0.55
oxeye_daisy	0,0,0,0,3,1,0.55,0.55,0.55,0,0,0,0,3,1,0.55,0.55,0.55
cornflower	0,0,0,0,3,1,0.55,0.55,0.55,0,0,0,0,3,1,0.55,0.55,0.55
lily_of_the_valley	0,0,0,0,3,1,0.55,0.55,0.55,0,0,0,0,3,1,0.55,0.55,0.55
wither_rose	0,0,0,0,3,1,0.55,0.55,0.55,0,0,0,0,3,1,0.55,0.55,0.55
torchflower	0,0,0,0,3,1,0.55,0.55,0.55,0,0,0,0,3,1,0.55,0.55,0.55
pitcher_plant	0,0,0,0,3,1,0.55,0.55,0.55,0,0,0,0,3,1,0.55,0.55,0.55
spore_blossom	75,45,0,0,2.5,0,0.375,0.375,0.375,75,45,0,0,2.5,0,0.375,0.375,0.375
brown_mushroom	0,0,0,0,3,1,0.55,0.55,0.55,0,0,0,0,3,1,0.55,0.55,0.55
red_mushroom	0,0,0,0,3,1,0.55,0.55,0.55,0,0,0,0,3,1,0.55,0.55,0.55
crimson_fungus	0,0,0,0,3,1,0.55,0.55,0.55,0,0,0,0,3,1,0.55,0.55,0.55
warped_fungus	0,0,0,0,3,1,0.55,0.55,0.55,0,0,0,0,3,1,0.55,0.55,0.55
crimson_roots	0,0,0,0,3,1,0.55,0.55,0.55,0,0,0,0,3,1,0.55,0.55,0.55
warped_roots	0,0,0,0,3,1,0.55,0.55,0.55,0,0,0,0,3,1,0.55,0.55,0.55
nether_sprouts	0,0,0,0,3,1,0.55,0.55,0.55,0,0,0,0,3,1,0.55,0.55,0.55
weeping_vines	0,0,0,0,3,1,0.55,0.55,0.55,0,0,0,0,3,1,0.55,0.55,0.55
twisting_vines	0,0,0,0,3,1,0.55,0.55,0.55,0,0,0,0,3,1,0.55,0.55,0.55
sugar_cane	0,0,0,0,3,1,0.55,0.55,0.55,0,0,0,0,3,1,0.55,0.55,0.55
kelp	0,0,0,0,3,1,0.55,0.55,0.55,0,0,0,0,3,1,0.55,0.55,0.55
moss_carpet	75,45,0,0,2.5,2,0.375,0.375,0.375,75,45,0,0,2.5,2,0.375,0.375,0.375
pink_petals	0,0,0,0,3,1,0.55,0.55,0.55,0,0,0,0,3,1,0.55,0.55,0.55
moss_block	75,45,0,0,2.5,0,0.375,0.375,0.375,75,45,0,0,2.5,0,0.375,0.375,0.375
hanging_roots	0,0,0,0,0,1,0.55,0.55,0.55,0,0,0,0,0,1,0.55,0.55,0.55
big_dripleaf	0,0,0,0,1,0,0.55,0.55,0.55,0,0,0,0,1,0,0.55,0.55,0.55
small_dripleaf	0,0,0,0,4,1,0.55,0.55,0.55,0,0,0,0,4,1,0.55,0.55,0.55
bamboo	0,-90,55,0,4.0,0.5,0.85,0.85,0.85,0,90,-55,0,4.0,0.5,0.85,0.85,0.85
oak_slab	75,45,0,0,2.5,0,0.375,0.375,0.375,75,45,0,0,2.5,0,0.375,0.375,0.375
spruce_slab	75,45,0,0,2.5,0,0.375,0.375,0.375,75,45,0,0,2.5,0,0.375,0.375,0.375
birch_slab	75,45,0,0,2.5,0,0.375,0.375,0.375,75,45,0,0,2.5,0,0.375,0.375,0.375
jungle_slab	75,45,0,0,2.5,0,0.375,0.375,0.375,75,45,0,0,2.5,0,0.375,0.375,0.375
acacia_slab	75,45,0,0,2.5,0,0.375,0.375,0.375,75,45,0,0,2.5,0,0.375,0.375,0.375
cherry_slab	75,45,0,0,2.5,0,0.375,0.375,0.375,75,45,0,0,2.5,0,0.375,0.375,0.375
dark_oak_slab	75,45,0,0,2.5,0,0.375,0.375,0.375,75,45,0,0,2.5,0,0.375,0.375,0.375
mangrove_slab	75,45,0,0,2.5,0,0.375,0.375,0.375,75,45,0,0,2.5,0,0.375,0.375,0.375
bamboo_slab	75,45,0,0,2.5,0,0.375,0.375,0.375,75,45,0,0,2.5,0,0.375,0.375,0.375
bamboo_mosaic_slab	75,45,0,0,2.5,0,0.375,0.375,0.375,75,45,0,0,2.5,0,0.375,0.375,0.375
crimson_slab	75,45,0,0,2.5,0,0.375,0.375,0.375,75,45,0,0,2.5,0,0.375,0.375,0.375
warped_slab	75,45,0,0,2.5,0,0.375,0.375,0.375,75,45,0,0,2.5,0,0.375,0.375,0.375
stone_slab	75,45,0,0,2.5,0,0.375,0.375,0.375,75,45,0,0,2.5,0,0.375,0.375,0.375
smooth_stone_slab	75,45,0,0,2.5,0,0.375,0.375,0.375,75,45,0,0,2.5,0,0.375,0.375,0.375
sandstone_slab	75,45,0,0,2.5,0,0.375,0.375,0.375,75,45,0,0,2.5,0,0.375,0.375,0.375
cut_sandstone_slab	75,45,0,0,2.5,0,0.375,0.375,0.375,75,45,0,0,2.5,0,0.375,0.375,0.375
petrified_oak_slab	75,45,0,0,2.5,0,0.375,0.375,0.375,75,45,0,0,2.5,0,0.375,0.375,0.375
cobblestone_slab	75,45,0,0,2.5,0,0.375,0.375,0.375,75,45,0,0,2.5,0,0.375,0.375,0.375
brick_slab	75,45,0,0,2.5,0,0.375,0.375,0.375,75,45,0,0,2.5,0,0.375,0.375,0.375
stone_brick_slab	75,45,0,0,2.5,0,0.375,0.375,0.375,75,45,0,0,2.5,0,0.375,0.375,0.375
mud_brick_slab	75,45,0,0,2.5,0,0.375,0.375,0.375,75,45,0,0,2.5,0,0.375,0.375,0.375
nether_brick_slab	75,45,0,0,2.5,0,0.375,0.375,0.375,75,45,0,0,2.5,0,0.375,0.375,0.375
quartz_slab	75,45,0,0,2.5,0,0.375,0.375,0.375,75,45,0,0,2.5,0,0.375,0.375,0.375
red_sandstone_slab	75,45,0,0,2.5,0,0.375,0.375,0.375,75,45,0,0,2.5,0,0.375,0.375,0.375
cut_red_sandstone_slab	75,45,0,0,2.5,0,0.375,0.375,0.375,75,45,0,0,2.5,0,0.375,0.375,0.375
purpur_slab	75,45,0,0,2.5,0,0.375,0.375,0.375,75,45,0,0,2.5,0,0.375,0.375,0.375
prismarine_slab	75,45,0,0,2.5,0,0.375,0.375,0.375,75,45,0,0,2.5,0,0.375,0.375,0.375
prismarine_brick_slab	75,45,0,0,2.5,0,0.375,0.375,0.375,75,45,0,0,2.5,0,0.375,0.375,0.375
dark_prismarine_slab	75,45,0,0,2.5,0,0.375,0.375,0.375,75,45,0,0,2.5,0,0.375,0.375,0.375
smooth_quartz	75,45,0,0,2.5,0,0.375,0.375,0.375,75,45,0,0,2.5,0,0.375,0.375,0.375
smooth_red_sandstone	75,45,0,0,2.5,0,0.375,0.375,0.375,75,45,0,0,2.5,0,0.375,0.375,0.375
smooth_sandstone	75,45,0,0,2.5,0,0.375,0.375,0.375,75,45,0,0,2.5,0,0.375,0.375,0.375
smooth_stone	75,45,0,0,2.5,0,0.375,0.375,0.375,75,45,0,0,2.5,0,0.375,0.375,0.375
bricks	75,45,0,0,2.5,0,0.375,0.375,0.375,75,45,0,0,2.5,0,0.375,0.375,0.375
bookshelf	75,45,0,0,2.5,0,0.375,0.375,0.375,75,45,0,0,2.5,0,0.375,0.375,0.375
chiseled_bookshelf	75,45,0,0,2.5,0,0.375,0.375,0.375,75,45,0,0,2.5,0,0.375,0.375,0.375
decorated_pot	0,90,0,0,2,0.5,0.375,0.375,0.375,0,90,0,0,2,0.5,0.375,0.375,0.375
mossy_cobblestone	75,45,0,0,2.5,0,0.375,0.375,0.375,75,45,0,0,2.5,0,0.375,0.375,0.375
obsidian	75,45,0,0,2.5,0,0.375,0.375,0.375,75,45,0,0,2.5,0,0.375,0.375,0.375
torch	0,0,0,0,3,1,0.55,0.55,0.55,0,0,0,0,3,1,0.55,0.55,0.55
end_rod	0,0,0,0,0,0,0.375,0.375,0.375,0,0,0,0,0,0,0.375,0.375,0.375
chorus_plant	75,45,0,0,2.5,0,0.375,0.375,0.375,75,45,0,0,2.5,0,0.375,0.375,0.375
chorus_flower	75,45,0,0,2.5,0,0.375,0.375,0.375,75,45,0,0,2.5,0,0.375,0.375,0.375
purpur_block	75,45,0,0,2.5,0,0.375,0.375,0.375,75,45,0,0,2.5,0,0.375,0.375,0.375
purpur_pillar	75,45,0,0,2.5,0,0.375,0.375,0.375,75,45,0,0,2.5,0,0.375,0.375,0.375
purpur_stairs	75,45,0,0,2.5,0,0.375,0.375,0.375,75,-135,0,0,2.5,0,0.375,0.375,0.375
spawner	75,45,0,0,2.5,0,0.375,0.375,0.375,75,45,0,0,2.5,0,0.375,0.375,0.375
chest	75,315,0,0,2.5,0,0.375,0.375,0.375,75,315,0,0,2.5,0,0.375,0.375,0.375
crafting_table	75,45,0,0,2.5,0,0.375,0.375,0.375,75,45,0,0,2.5,0,0.375,0.375,0.375
farmland	75,45,0,0,2.5,0,0.375,0.375,0.375,75,45,0,0,2.5,0,0.375,0.375,0.375
furnace	75,45,0,0,2.5,0,0.375,0.375,0.375,75,45,0,0,2.5,0,0.375,0.375,0.375
ladder	0,0,0,0,3,1,0.55,0.55,0.55,0,0,0,0,3,1,0.55,0.55,0.55
cobblestone_stairs	75,45,0,0,2.5,0,0.375,0.375,0.375,75,-135,0,0,2.5,0,0.375,0.375,0.375
snow	75,45,0,0,2.5,2,0.375,0.375,0.375,75,45,0,0,2.5,2,0.375,0.375,0.375
ice	75,45,0,0,2.5,0,0.375,0.375,0.375,75,45,0,0,2.5,0,0.375,0.375,0.375
snow_block	75,45,0,0,2.5,0,0.375,0.375,0.375,75,45,0,0,2.5,0,0.375,0.375,0.375
cactus	75,45,0,0,2.5,0,0.375,0.375,0.375,75,45,0,0,2.5,0,0.375,0.375,0.375
clay	75,45,0,0,2.5,0,0.375,0.375,0.375,75,45,0,0,2.5,0,0.375,0.375,0.375
jukebox	75,45,0,0,2.5,0,0.375,0.375,0.375,75,45,0,0,2.5,0,0.375,0.375,0.375
oak_fence	75,45,0,0,2.5,0,0.375,0.375,0.375,75,45,0,0,2.5,0,0.375,0.375,0.375
spruce_fence	75,45,0,0,2.5,0,0.375,0.375,0.375,75,45,0,0,2.5,0,0.375,0.375,0.375
birch_fence	75,45,0,0,2.5,0,0.375,0.375,0.375,75,45,0,0,2.5,0,0.375,0.375,0.375
jungle_fence	75,45,0,0,2.5,0,0.375,0.375,0.375,75,45,0,0,2.5,0,0.375,0.375,0.375
acacia_fence	75,45,0,0,2.5,0,0.375,0.375,0.375,75,45,0,0,2.5,0,0.375,0.375,0.375
cherry_fence	75,45,0,0,2.5,0,0.375,0.375,0.375,75,45,0,0,2.5,0,0.375,0.375,0.375
dark_oak_fence	75,45,0,0,2.5,0,0.375,0.375,0.375,75,45,0,0,2.5,0,0.375,0.375,0.375
mangrove_fence	75,45,0,0,2.5,0,0.375,0.375,0.375,75,45,0,0,2.5,0,0.375,0.375,0.375
bamboo_fence	75,45,0,0,2.5,0,0.375,0.375,0.375,75,45,0,0,2.5,0,0.375,0.375,0.375
crimson_fence	75,45,0,0,2.5,0,0.375,0.375,0.375,75,45,0,0,2.5,0,0.375,0.375,0.375
warped_fence	75,45,0,0,2.5,0,0.375,0.375,0.375,75,45,0,0,2.5,0,0.375,0.375,0.375
pumpkin	75,45,0,0,2.5,0,0.375,0.375,0.375,75,45,0,0,2.5,0,0.375,0.375,0.375
carved_pumpkin	75,45,0,0,2.5,0,0.375,0.375,0.375,75,45,0,0,2.5,0,0.375,0.375,0.375
jack_o_lantern	75,45,0,0,2.5,0,0.375,0.375,0.375,75,45,0,0,2.5,0,0.375,0.375,0.375
netherrack	75,45,0,0,2.5,0,0.375,0.375,0.375,75,45,0,0,2.5,0,0.375,0.375,0.375
soul_sand	75,45,0,0,2.5,0,0.375,0.375,0.375,75,45,0,0,2.5,0,0.375,0.375,0.375
soul_soil	75,45,0,0,2.5,0,0.375,0.375,0.375,75,45,0,0,2.5,0,0.375,0.375,0.375
basalt	75,45,0,0,2.5,0,0.375,0.375,0.375,75,45,0,0,2.5,0,0.375,0.375,0.375
polished_basalt	75,45,0,0,2.5,0,0.375,0.375,0.375,75,45,0,0,2.5,0,0.375,0.375,0.375
smooth_basalt	75,45,0,0,2.5,0,0.375,0.375,0.375,75,45,0,0,2.5,0,0.375,0.375,0.375
soul_torch	0,0,0,0,3,1,0.55,0.55,0.55,0,0,0,0,3,1,0.55,0.55,0.55
glowstone	75,45,0,0,2.5,0,0.375,0.375,0.375,75,45,0,0,2.5,0,0.375,0.375,0.375
infested_stone	75,45,0,0,2.5,0,0.375,0.375,0.375,75,45,0,0,2.5,0,0.375,0.375,0.375
infested_cobblestone	75,45,0,0,2.5,0,0.375,0.375,0.375,75,45,0,0,2.5,0,0.375,0.375,0.375
infested_stone_bricks	75,45,0,0,2.5,0,0.375,0.375,0.375,75,45,0,0,2.5,0,0.375,0.375,0.375
infested_mossy_stone_bricks	75,45,0,0,2.5,0,0.375,0.375,0.375,75,45,0,0,2.5,0,0.375,0.375,0.375
infested_cracked_stone_bricks	75,45,0,0,2.5,0,0.375,0.375,0.375,75,45,0,0,2.5,0,0.375,0.375,0.375
infested_chiseled_stone_bricks	75,45,0,0,2.5,0,0.375,0.375,0.375,75,45,0,0,2.5,0,0.375,0.375,0.375
infested_deepslate	75,45,0,0,2.5,0,0.375,0.375,0.375,75,45,0,0,2.5,0,0.375,0.375,0.375
stone_bricks	75,45,0,0,2.5,0,0.375,0.375,0.375,75,45,0,0,2.5,0,0.375,0.375,0.375
mossy_stone_bricks	75,45,0,0,2.5,0,0.375,0.375,0.375,75,45,0,0,2.5,0,0.375,0.375,0.375
cracked_stone_bricks	75,45,0,0,2.5,0,0.375,0.375,0.375,75,45,0,0,2.5,0,0.375,0.375,0.375
chiseled_stone_bricks	75,45,0,0,2.5,0,0.375,0.375,0.375,75,45,0,0,2.5,0,0.375,0.375,0.375
packed_mud	75,45,0,0,2.5,0,0.375,0.375,0.375,75,45,0,0,2.5,0,0.375,0.375,0.375
mud_bricks	75,45,0,0,2.5,0,0.375,0.375,0.375,75,45,0,0,2.5,0,0.375,0.375,0.375
deepslate_bricks	75,45,0,0,2.5,0,0.375,0.375,0.375,75,45,0,0,2.5,0,0.375,0.375,0.375
cracked_deepslate_bricks	75,45,0,0,2.5,0,0.375,0.375,0.375,75,45,0,0,2.5,0,0.375,0.375,0.375
deepslate_tiles	75,45,0,0,2.5,0,0.375,0.375,0.375,75,45,0,0,2.5,0,0.375,0.375,0.375
cracked_deepslate_tiles	75,45,0,0,2.5,0,0.375,0.375,0.375,75,45,0,0,2.5,0,0.375,0.375,0.375
chiseled_deepslate	75,45,0,0,2.5,0,0.375,0.375,0.375,75,45,0,0,2.5,0,0.375,0.375,0.375
reinforced_deepslate	75,45,0,0,2.5,0,0.375,0.375,0.375,75,45,0,0,2.5,0,0.375,0.375,0.375
brown_mushroom_block	75,45,0,0,2.5,0,0.375,0.375,0.375,75,45,0,0,2.5,0,0.375,0.375,0.375
red_mushroom_block	75,45,0,0,2.5,0,0.375,0.375,0.375,75,45,0,0,2.5,0,0.375,0.375,0.375
mushroom_stem	75,45,0,0,2.5,0,0.375,0.375,0.375,75,45,0,0,2.5,0,0.375,0.375,0.375
iron_bars	0,0,0,0,3,1,0.55,0.55,0.55,0,0,0,0,3,1,0.55,0.55,0.55
chain	0,0,0,0,3,1,0.55,0.55,0.55,0,0,0,0,3,1,0.55,0.55,0.55
glass_pane	0,0,0,0,3,1,0.55,0.55,0.55,0,0,0,0,3,1,0.55,0.55,0.55
melon	75,45,0,0,2.5,0,0.375,0.375,0.375,75,45,0,0,2.5,0,0.375,0.375,0.375
vine	0,0,0,0,3,1,0.55,0.55,0.55,0,0,0,0,3,1,0.55,0.55,0.55
glow_lichen	0,0,0,0,3,1,0.55,0.55,0.55,0,0,0,0,3,1,0.55,0.55,0.55
brick_stairs	75,45,0,0,2.5,0,0.375,0.375,0.375,75,-135,0,0,2.5,0,0.375,0.375,0.375
stone_brick_stairs	75,45,0,0,2.5,0,0.375,0.375,0.375,75,-135,0,0,2.5,0,0.375,0.375,0.375
mud_brick_stairs	75,45,0,0,2.5,0,0.375,0.375,0.375,75,-135,0,0,2.5,0,0.375,0.375,0.375
mycelium	75,45,0,0,2.5,0,0.375,0.375,0.375,75,45,0,0,2.5,0,0.375,0.375,0.375
lily_pad	0,0,0,0,3,1,0.55,0.55,0.55,0,0,0,0,3,1,0.55,0.55,0.55
nether_bricks	75,45,0,0,2.5,0,0.375,0.375,0.375,75,45,0,0,2.5,0,0.375,0.375,0.375
cracked_nether_bricks	75,45,0,0,2.5,0,0.375,0.375,0.375,75,45,0,0,2.5,0,0.375,0.375,0.375
chiseled_nether_bricks	75,45,0,0,2.5,0,0.375,0.375,0.375,75,45,0,0,2.5,0,0.375,0.375,0.375
nether_brick_fence	75,45,0,0,2.5,0,0.375,0.375,0.375,75,45,0,0,2.5,0,0.375,0.375,0.375
nether_brick_stairs	75,45,0,0,2.5,0,0.375,0.375,0.375,75,-135,0,0,2.5,0,0.375,0.375,0.375
sculk	75,45,0,0,2.5,0,0.375,0.375,0.375,75,45,0,0,2.5,0,0.375,0.375,0.375
sculk_vein	0,0,0,0,3,1,0.55,0.55,0.55,0,0,0,0,3,1,0.55,0.55,0.55
sculk_catalyst	75,45,0,0,2.5,0,0.375,0.375,0.375,75,45,0,0,2.5,0,0.375,0.375,0.375
sculk_shrieker	75,45,0,0,2.5,0,0.375,0.375,0.375,75,45,0,0,2.5,0,0.375,0.375,0.375
enchanting_table	75,45,0,0,2.5,0,0.375,0.375,0.375,75,45,0,0,2.5,0,0.375,0.375,0.375
end_portal_frame	75,45,0,0,2.5,0,0.375,0.375,0.375,75,45,0,0,2.5,0,0.375,0.375,0.375
end_stone	75,45,0,0,2.5,0,0.375,0.375,0.375,75,45,0,0,2.5,0,0.375,0.375,0.375
end_stone_bricks	75,45,0,0,2.5,0,0.375,0.375,0.375,75,45,0,0,2.5,0,0.375,0.375,0.375
dragon_egg	75,45,0,0,2.5,0,0.375,0.375,0.375,75,45,0,0,2.5,0,0.375,0.375,0.375
sandstone_stairs	75,45,0,0,2.5,0,0.375,0.375,0.375,75,-135,0,0,2.5,0,0.375,0.375,0.375
ender_chest	75,315,0,0,2.5,0,0.375,0.375,0.375,75,315,0,0,2.5,0,0.375,0.375,0.375
emerald_block	75,45,0,0,2.5,0,0.375,0.375,0.375,75,45,0,0,2.5,0,0.375,0.375,0.375
oak_stairs	75,45,0,0,2.5,0,0.375,0.375,0.375,75,-135,0,0,2.5,0,0.375,0.375,0.375
spruce_stairs	75,45,0,0,2.5,0,0.375,0.375,0.375,75,-135,0,0,2.5,0,0.375,0.375,0.375
birch_stairs	75,45,0,0,2.5,0,0.375,0.375,0.375,75,-135,0,0,2.5,0,0.375,0.375,0.375
jungle_stairs	75,45,0,0,2.5,0,0.375,0.375,0.375,75,-135,0,0,2.5,0,0.375,0.375,0.375
acacia_stairs	75,45,0,0,2.5,0,0.375,0.375,0.375,75,-135,0,0,2.5,0,0.375,0.375,0.375
cherry_stairs	75,45,0,0,2.5,0,0.375,0.375,0.375,75,-135,0,0,2.5,0,0.375,0.375,0.375
dark_oak_stairs	75,45,0,0,2.5,0,0.375,0.375,0.375,75,-135,0,0,2.5,0,0.375,0.375,0.375
mangrove_stairs	75,45,0,0,2.5,0,0.375,0.375,0.375,75,-135,0,0,2.5,0,0.375,0.375,0.375
bamboo_stairs	75,45,0,0,2.5,0,0.375,0.375,0.375,75,-135,0,0,2.5,0,0.375,0.375,0.375
bamboo_mosaic_stairs	75,45,0,0,2.5,0,0.375,0.375,0.375,75,-135,0,0,2.5,0,0.375,0.375,0.375
crimson_stairs	75,45,0,0,2.5,0,0.375,0.375,0.375,75,-135,0,0,2.5,0,0.375,0.375,0.375
warped_stairs	75,45,0,0,2.5,0,0.375,0.375,0.375,75,-135,0,0,2.5,0,0.375,0.375,0.375
command_block	75,45,0,0,2.5,0,0.375,0.375,0.375,75,45,0,0,2.5,0,0.375,0.375,0.375
beacon	75,45,0,0,2.5,0,0.375,0.375,0.375,75,45,0,0,2.5,0,0.375,0.375,0.375
cobblestone_wall	75,45,0,0,2.5,0,0.375,0.375,0.375,75,45,0,0,2.5,0,0.375,0.375,0.375
mossy_cobblestone_wall	75,45,0,0,2.5,0,0.375,0.375,0.375,75,45,0,0,2.5,0,0.375,0.375,0.375
brick_wall	75,45,0,0,2.5,0,0.375,0.375,0.375,75,45,0,0,2.5,0,0.375,0.375,0.375
prismarine_wall	75,45,0,0,2.5,0,0.375,0.375,0.375,75,45,0,0,2.5,0,0.375,0.375,0.375
red_sandstone_wall	75,45,0,0,2.5,0,0.375,0.375,0.375,75,45,0,0,2.5,0,0.375,0.375,0.375
mossy_stone_brick_wall	75,45,0,0,2.5,0,0.375,0.375,0.375,75,45,0,0,2.5,0,0.375,0.375,0.375
granite_wall	75,45,0,0,2.5,0,0.375,0.375,0.375,75,45,0,0,2.5,0,0.375,0.375,0.375
stone_brick_wall	75,45,0,0,2.5,0,0.375,0.375,0.375,75,45,0,0,2.5,0,0.375,0.375,0.375
mud_brick_wall	75,45,0,0,2.5,0,0.375,0.375,0.375,75,45,0,0,2.5,0,0.375,0.375,0.375
nether_brick_wall	75,45,0,0,2.5,0,0.375,0.375,0.375,75,45,0,0,2.5,0,0.375,0.375,0.375
andesite_wall	75,45,0,0,2.5,0,0.375,0.375,0.375,75,45,0,0,2.5,0,0.375,0.375,0.375
red_nether_brick_wall	75,45,0,0,2.5,0,0.375,0.375,0.375,75,45,0,0,2.5,0,0.375,0.375,0.375
sandstone_wall	75,45,0,0,2.5,0,0.375,0.375,0.375,75,45,0,0,2.5,0,0.375,0.375,0.375
end_stone_brick_wall	75,45,0,0,2.5,0,0.375,0.375,0.375,75,45,0,0,2.5,0,0.375,0.375,0.375
diorite_wall	75,45,0,0,2.5,0,0.375,0.375,0.375,75,45,0,0,2.5,0,0.375,0.375,0.375
blackstone_wall	75,45,0,0,2.5,0,0.375,0.375,0.375,75,45,0,0,2.5,0,0.375,0.375,0.375
polished_blackstone_wall	75,45,0,0,2.5,0,0.375,0.375,0.375,75,45,0,0,2.5,0,0.375,0.375,0.375
polished_blackstone_brick_wall	75,45,0,0,2.5,0,0.375,0.375,0.375,75,45,0,0,2.5,0,0.375,0.375,0.375
cobbled_deepslate_wall	75,45,0,0,2.5,0,0.375,0.375,0.375,75,45,0,0,2.5,0,0.375,0.375,0.375
polished_deepslate_wall	75,45,0,0,2.5,0,0.375,0.375,0.375,75,45,0,0,2.5,0,0.375,0.375,0.375
deepslate_brick_wall	75,45,0,0,2.5,0,0.375,0.375,0.375,75,45,0,0,2.5,0,0.375,0.375,0.375
deepslate_tile_wall	75,45,0,0,2.5,0,0.375,0.375,0.375,75,45,0,0,2.5,0,0.375,0.375,0.375
anvil	75,45,0,0,2.5,0,0.375,0.375,0.375,75,45,0,0,2.5,0,0.375,0.375,0.375
chipped_anvil	75,45,0,0,2.5,0,0.375,0.375,0.375,75,45,0,0,2.5,0,0.375,0.375,0.375
damaged_anvil	75,45,0,0,2.5,0,0.375,0.375,0.375,75,45,0,0,2.5,0,0.375,0.375,0.375
chiseled_quartz_block	75,45,0,0,2.5,0,0.375,0.375,0.375,75,45,0,0,2.5,0,0.375,0.375,0.375
quartz_block	75,45,0,0,2.5,0,0.375,0.375,0.375,75,45,0,0,2.5,0,0.375,0.375,0.375
quartz_bricks	75,45,0,0,2.5,0,0.375,0.375,0.375,75,45,0,0,2.5,0,0.375,0.375,0.375
quartz_pillar	75,45,0,0,2.5,0,0.375,0.375,0.375,75,45,0,0,2.5,0,0.375,0.375,0.375
quartz_stairs	75,45,0,0,2.5,0,0.375,0.375,0.375,75,-135,0,0,2.5,0,0.375,0.375,0.375
white_terracotta	75,45,0,0,2.5,0,0.375,0.375,0.375,75,45,0,0,2.5,0,0.375,0.375,0.375
orange_terracotta	75,45,0,0,2.5,0,0.375,0.375,0.375,75,45,0,0,2.5,0,0.375,0.375,0.375
magenta_terracotta	75,45,0,0,2.5,0,0.375,0.375,0.375,75,45,0,0,2.5,0,0.375,0.375,0.375
light_blue_terracotta	75,45,0,0,2.5,0,0.375,0.375,0.375,75,45,0,0,2.5,0,0.375,0.375,0.375
yellow_terracotta	75,45,0,0,2.5,0,0.375,0.375,0.375,75,45,0,0,2.5,0,0.375,0.375,0.375
lime_terracotta	75,45,0,0,2.5,0,0.375,0.375,0.375,75,45,0,0,2.5,0,0.375,0.375,0.375
pink_terracotta	75,45,0,0,2.5,0,0.375,0.375,0.375,75,45,0,0,2.5,0,0.375,0.375,0.375
gray_terracotta	75,45,0,0,2.5,0,0.375,0.375,0.375,75,45,0,0,2.5,0,0.375,0.375,0.375
light_gray_terracotta	75,45,0,0,2.5,0,0.375,0.375,0.375,75,45,0,0,2.5,0,0.375,0.375,0.375
cyan_terracotta	75,45,0,0,2.5,0,0.375,0.375,0.375,75,45,0,0,2.5,0,0.375,0.375,0.375
purple_terracotta	75,45,0,0,2.5,0,0.375,0.375,0.375,75,45,0,0,2.5,0,0.375,0.375,0.375
blue_terracotta	75,45,0,0,2.5,0,0.375,0.375,0.375,75,45,0,0,2.5,0,0.375,0.375,0.375
brown_terracotta	75,45,0,0,2.5,0,0.375,0.375,0.375,75,45,0,0,2.5,0,0.375,0.375,0.375
green_terracotta	75,45,0,0,2.5,0,0.375,0.375,0.375,75,45,0,0,2.5,0,0.375,0.375,0.375
red_terracotta	75,45,0,0,2.5,0,0.375,0.375,0.375,75,45,0,0,2.5,0,0.375,0.375,0.375
black_terracotta	75,45,0,0,2.5,0,0.375,0.375,0.375,75,45,0,0,2.5,0,0.375,0.375,0.375
barrier	0,0,0,0,3,1,0.55,0.55,0.55,0,0,0,0,3,1,0.55,0.55,0.55
light	0,0,0,0,3,1,0.55,0.55,0.55,0,0,0,0,3,1,0.55,0.55,0.55
hay_block	75,45,0,0,2.5,0,0.375,0.375,0.375,75,45,0,0,2.5,0,0.375,0.375,0.375
white_carpet	75,45,0,0,2.5,2,0.375,0.375,0.375,75,45,0,0,2.5,2,0.375,0.375,0.375
orange_carpet	75,45,0,0,2.5,2,0.375,0.375,0.375,75,45,0,0,2.5,2,0.375,0.375,0.375
magenta_carpet	75,45,0,0,2.5,2,0.375,0.375,0.375,75,45,0,0,2.5,2,0.375,0.375,0.375
light_blue_carpet	75,45,0,0,2.5,2,0.375,0.375,0.375,75,45,0,0,2.5,2,0.375,0.375,0.375
yellow_carpet	75,45,0,0,2.5,2,0.375,0.375,0.375,75,45,0,0,2.5,2,0.375,0.375,0.375
lime_carpet	75,45,0,0,2.5,2,0.375,0.375,0.375,75,45,0,0,2.5,2,0.375,0.375,0.375
pink_carpet	75,45,0,0,2.5,2,0.375,0.375,0.375,75,45,0,0,2.5,2,0.375,0.375,0.375
gray_carpet	75,45,0,0,2.5,2,0.375,0.375,0.375,75,45,0,0,2.5,2,0.375,0.375,0.375
light_gray_carpet	75,45,0,0,2.5,2,0.375,0.375,0.375,75,45,0,0,2.5,2,0.375,0.375,0.375
cyan_carpet	75,45,0,0,2.5,2,0.375,0.375,0.375,75,45,0,0,2.5,2,0.375,0.375,0.375
purple_carpet	75,45,0,0,2.5,2,0.375,0.375,0.375,75,45,0,0,2.5,2,0.375,0.375,0.375
blue_carpet	75,45,0,0,2.5,2,0.375,0.375,0.375,75,45,0,0,2.5,2,0.375,0.375,0.375
brown_carpet	75,45,0,0,2.5,2,0.375,0.375,0.375,75,45,0,0,2.5,2,0.375,0.375,0.375
green_carpet	75,45,0,0,2.5,2,0.375,0.375,0.375,75,45,0,0,2.5,2,0.375,0.375,0.375
red_carpet	75,45,0,0,2.5,2,0.375,0.375,0.375,75,45,0,0,2.5,2,0.375,0.375,0.375
black_carpet	75,45,0,0,2.5,2,0.375,0.375,0.375,75,45,0,0,2.5,2,0.375,0.375,0.375
terracotta	75,45,0,0,2.5,0,0.375,0.375,0.375,75,45,0,0,2.5,0,0.375,0.375,0.375
packed_ice	75,45,0,0,2.5,0,0.375,0.375,0.375,75,45,0,0,2.5,0,0.375,0.375,0.375
dirt_path	75,45,0,0,2.5,0,0.375,0.375,0.375,75,45,0,0,2.5,0,0.375,0.375,0.375
sunflower	0,0,0,0,3,1,0.55,0.55,0.55,0,0,0,0,3,1,0.55,0.55,0.55
lilac	0,0,0,0,3,1,0.55,0.55,0.55,0,0,0,0,3,1,0.55,0.55,0.55
rose_bush	0,0,0,0,3,1,0.55,0.55,0.55,0,0,0,0,3,1,0.55,0.55,0.55
peony	0,0,0,0,3,1,0.55,0.55,0.55,0,0,0,0,3,1,0.55,0.55,0.55
tall_grass	0,0,0,0,3,1,0.55,0.55,0.55,0,0,0,0,3,1,0.55,0.55,0.55
large_fern	0,0,0,0,3,1,0.55,0.55,0.55,0,0,0,0,3,1,0.55,0.55,0.55
white_stained_glass	75,45,0,0,2.5,0,0.375,0.375,0.375,75,45,0,0,2.5,0,0.375,0.375,0.375
orange_stained_glass	75,45,0,0,2.5,0,0.375,0.375,0.375,75,45,0,0,2.5,0,0.375,0.375,0.375
magenta_stained_glass	75,45,0,0,2.5,0,0.375,0.375,0.375,75,45,0,0,2.5,0,0.375,0.375,0.375
light_blue_stained_glass	75,45,0,0,2.5,0,0.375,0.375,0.375,75,45,0,0,2.5,0,0.375,0.375,0.375
yellow_stained_glass	75,45,0,0,2.5,0,0.375,0.375,0.375,75,45,0,0,2.5,0,0.375,0.375,0.375
lime_stained_glass	75,45,0,0,2.5,0,0.375,0.375,0.375,75,45,0,0,2.5,0,0.375,0.375,0.375
pink_stained_glass	75,45,0,0,2.5,0,0.375,0.375,0.375,75,45,0,0,2.5,0,0.375,0.375,0.375
gray_stained_glass	75,45,0,0,2.5,0,0.375,0.375,0.375,75,45,0,0,2.5,0,0.375,0.375,0.375
light_gray_stained_glass	75,45,0,0,2.5,0,0.375,0.375,0.375,75,45,0,0,2.5,0,0.375,0.375,0.375
cyan_stained_glass	75,45,0,0,2.5,0,0.375,0.375,0.375,75,45,0,0,2.5,0,0.375,0.375,0.375
purple_stained_glass	75,45,0,0,2.5,0,0.375,0.375,0.375,75,45,0,0,2.5,0,0.375,0.375,0.375
blue_stained_glass	75,45,0,0,2.5,0,0.375,0.375,0.375,75,45,0,0,2.5,0,0.375,0.375,0.375
brown_stained_glass	75,45,0,0,2.5,0,0.375,0.375,0.375,75,45,0,0,2.5,0,0.375,0.375,0.375
green_stained_glass	75,45,0,0,2.5,0,0.375,0.375,0.375,75,45,0,0,2.5,0,0.375,0.375,0.375
red_stained_glass	75,45,0,0,2.5,0,0.375,0.375,0.375,75,45,0,0,2.5,0,0.375,0.375,0.375
black_stained_glass	75,45,0,0,2.5,0,0.375,0.375,0.375,75,45,0,0,2.5,0,0.375,0.375,0.375
white_stained_glass_pane	0,0,0,0,3,1,0.55,0.55,0.55,0,0,0,0,3,1,0.55,0.55,0.55
orange_stained_glass_pane	0,0,0,0,3,1,0.55,0.55,0.55,0,0,0,0,3,1,0.55,0.55,0.55
magenta_stained_glass_pane	0,0,0,0,3,1,0.55,0.55,0.55,0,0,0,0,3,1,0.55,0.55,0.55
light_blue_stained_glass_pane	0,0,0,0,3,1,0.55,0.55,0.55,0,0,0,0,3,1,0.55,0.55,0.55
yellow_stained_glass_pane	0,0,0,0,3,1,0.55,0.55,0.55,0,0,0,0,3,1,0.55,0.55,0.55
lime_stained_glass_pane	0,0,0,0,3,1,0.55,0.55,0.55,0,0,0,0,3,1,0.55,0.55,0.55
pink_stained_glass_pane	0,0,0,0,3,1,0.55,0.55,0.55,0,0,0,0,3,1,0.55,0.55,0.55
gray_stained_glass_pane	0,0,0,0,3,1,0.55,0.55,0.55,0,0,0,0,3,1,0.55,0.55,0.55
light_gray_stained_glass_pane	0,0,0,0,3,1,0.55,0.55,0.55,0,0,0,0,3,1,0.55,0.55,0.55
cyan_stained_glass_pane	0,0,0,0,3,1,0.55,0.55,0.55,0,0,0,0,3,1,0.55,0.55,0.55
purple_stained_glass_pane	0,0,0,0,3,1,0.55,0.55,0.55,0,0,0,0,3,1,0.55,0.55,0.55
blue_stained_glass_pane	0,0,0,0,3,1,0.55,0.55,0.55,0,0,0,0,3,1,0.55,0.55,0.55
brown_stained_glass_pane	0,0,0,0,3,1,0.55,0.55,0.55,0,0,0,0,3,1,0.55,0.55,0.55
green_stained_glass_pane	0,0,0,0,3,1,0.55,0.55,0.55,0,0,0,0,3,1,0.55,0.55,0.55
red_stained_glass_pane	0,0,0,0,3,1,0.55,0.55,0.55,0,0,0,0,3,1,0.55,0.55,0.55
black_stained_glass_pane	0,0,0,0,3,1,0.55,0.55,0.55,0,0,0,0,3,1,0.55,0.55,0.55
prismarine	75,45,0,0,2.5,0,0.375,0.375,0.375,75,45,0,0,2.5,0,0.375,0.375,0.375
prismarine_bricks	75,45,0,0,2.5,0,0.375,0.375,0.375,75,45,0,0,2.5,0,0.375,0.375,0.375
dark_prismarine	75,45,0,0,2.5,0,0.375,0.375,0.375,75,45,0,0,2.5,0,0.375,0.375,0.375
prismarine_stairs	75,45,0,0,2.5,0,0.375,0.375,0.375,75,-135,0,0,2.5,0,0.375,0.375,0.375
prismarine_brick_stairs	75,45,0,0,2.5,0,0.375,0.375,0.375,75,-135,0,0,2.5,0,0.375,0.375,0.375
dark_prismarine_stairs	75,45,0,0,2.5,0,0.375,0.375,0.375,75,-135,0,0,2.5,0,0.375,0.375,0.375
sea_lantern	75,45,0,0,2.5,0,0.375,0.375,0.375,75,45,0,0,2.5,0,0.375,0.375,0.375
red_sandstone	75,45,0,0,2.5,0,0.375,0.375,0.375,75,45,0,0,2.5,0,0.375,0.375,0.375
chiseled_red_sandstone	75,45,0,0,2.5,0,0.375,0.375,0.375,75,45,0,0,2.5,0,0.375,0.375,0.375
cut_red_sandstone	75,45,0,0,2.5,0,0.375,0.375,0.375,75,45,0,0,2.5,0,0.375,0.375,0.375
red_sandstone_stairs	75,45,0,0,2.5,0,0.375,0.375,0.375,75,-135,0,0,2.5,0,0.375,0.375,0.375
repeating_command_block	75,45,0,0,2.5,0,0.375,0.375,0.375,75,45,0,0,2.5,0,0.375,0.375,0.375
chain_command_block	75,45,0,0,2.5,0,0.375,0.375,0.375,75,45,0,0,2.5,0,0.375,0.375,0.375
magma_block	75,45,0,0,2.5,0,0.375,0.375,0.375,75,45,0,0,2.5,0,0.375,0.375,0.375
nether_wart_block	75,45,0,0,2.5,0,0.375,0.375,0.375,75,45,0,0,2.5,0,0.375,0.375,0.375
warped_wart_block	75,45,0,0,2.5,0,0.375,0.375,0.375,75,45,0,0,2.5,0,0.375,0.375,0.375
red_nether_bricks	75,45,0,0,2.5,0,0.375,0.375,0.375,75,45,0,0,2.5,0,0.375,0.375,0.375
bone_block	75,45,0,0,2.5,0,0.375,0.375,0.375,75,45,0,0,2.5,0,0.375,0.375,0.375
structure_void	0,0,0,0,3,1,0.55,0.55,0.55,0,0,0,0,3,1,0.55,0.55,0.55
shulker_box	75,315,0,0,2.5,0,0.375,0.375,0.375,75,315,0,0,2.5,0,0.375,0.375,0.375
white_shulker_box	75,315,0,0,2.5,0,0.375,0.375,0.375,75,315,0,0,2.5,0,0.375,0.375,0.375
orange_shulker_box	75,315,0,0,2.5,0,0.375,0.375,0.375,75,315,0,0,2.5,0,0.375,0.375,0.375
magenta_shulker_box	75,315,0,0,2.5,0,0.375,0.375,0.375,75,315,0,0,2.5,0,0.375,0.375,0.375
light_blue_shulker_box	75,315,0,0,2.5,0,0.375,0.375,0.375,75,315,0,0,2.5,0,0.375,0.375,0.375
yellow_shulker_box	75,315,0,0,2.5,0,0.375,0.375,0.375,75,315,0,0,2.5,0,0.375,0.375,0.375
lime_shulker_box	75,315,0,0,2.5,0,0.375,0.375,0.375,75,315,0,0,2.5,0,0.375,0.375,0.375
pink_shulker_box	75,315,0,0,2.5,0,0.375,0.375,0.375,75,315,0,0,2.5,0,0.375,0.375,0.375
gray_shulker_box	75,315,0,0,2.5,0,0.375,0.375,0.375,75,315,0,0,2.5,0,0.375,0.375,0.375
light_gray_shulker_box	75,315,0,0,2.5,0,0.375,0.375,0.375,75,315,0,0,2.5,0,0.375,0.375,0.375
cyan_shulker_box	75,315,0,0,2.5,0,0.375,0.375,0.375,75,315,0,0,2.5,0,0.375,0.375,0.375
purple_shulker_box	75,315,0,0,2.5,0,0.375,0.375,0.375,75,315,0,0,2.5,0,0.375,0.375,0.375
blue_shulker_box	75,315,0,0,2.5,0,0.375,0.375,0.375,75,315,0,0,2.5,0,0.375,0.375,0.375
brown_shulker_box	75,315,0,0,2.5,0,0.375,0.375,0.375,75,315,0,0,2.5,0,0.375,0.375,0.375
green_shulker_box	75,315,0,0,2.5,0,0.375,0.375,0.375,75,315,0,0,2.5,0,0.375,0.375,0.375
red_shulker_box	75,315,0,0,2.5,0,0.375,0.375,0.375,75,315,0,0,2.5,0,0.375,0.375,0.375
black_shulker_box	75,315,0,0,2.5,0,0.375,0.375,0.375,75,315,0,0,2.5,0,0.375,0.375,0.375
white_glazed_terracotta	75,45,0,0,2.5,0,0.375,0.375,0.375,75,45,0,0,2.5,0,0.375,0.375,0.375
orange_glazed_terracotta	75,45,0,0,2.5,0,0.375,0.375,0.375,75,45,0,0,2.5,0,0.375,0.375,0.375
magenta_glazed_terracotta	75,45,0,0,2.5,0,0.375,0.375,0.375,75,45,0,0,2.5,0,0.375,0.375,0.375
light_blue_glazed_terracotta	75,45,0,0,2.5,0,0.375,0.375,0.375,75,45,0,0,2.5,0,0.375,0.375,0.375
yellow_glazed_terracotta	75,45,0,0,2.5,0,0.375,0.375,0.375,75,45,0,0,2.5,0,0.375,0.375,0.375
lime_glazed_terracotta	75,45,0,0,2.5,0,0.375,0.375,0.375,75,45,0,0,2.5,0,0.375,0.375,0.375
pink_glazed_terracotta	75,45,0,0,2.5,0,0.375,0.375,0.375,75,45,0,0,2.5,0,0.375,0.375,0.375
gray_glazed_terracotta	75,45,0,0,2.5,0,0.375,0.375,0.375,75,45,0,0,2.5,0,0.375,0.375,0.375
light_gray_glazed_terracotta	75,45,0,0,2.5,0,0.375,0.375,0.375,75,45,0,0,2.5,0,0.375,0.375,0.375
cyan_glazed_terracotta	75,45,0,0,2.5,0,0.375,0.375,0.375,75,45,0,0,2.5,0,0.375,0.375,0.375
purple_glazed_terracotta	75,45,0,0,2.5,0,0.375,0.375,0.375,75,45,0,0,2.5,0,0.375,0.375,0.375
blue_glazed_terracotta	75,45,0,0,2.5,0,0.375,0.375,0.375,75,45,0,0,2.5,0,0.375,0.375,0.375
brown_glazed_terracotta	75,45,0,0,2.5,0,0.375,0.375,0.375,75,45,0,0,2.5,0,0.375,0.375,0.375
green_glazed_terracotta	75,45,0,0,2.5,0,0.375,0.375,0.375,75,45,0,0,2.5,0,0.375,0.375,0.375
red_glazed_terracotta	75,45,0,0,2.5,0,0.375,0.375,0.375,75,45,0,0,2.5,0,0.375,0.375,0.375
black_glazed_terracotta	75,45,0,0,2.5,0,0.375,0.375,0.375,75,45,0,0,2.5,0,0.375,0.375,0.375
white_concrete	75,45,0,0,2.5,0,0.375,0.375,0.375,75,45,0,0,2.5,0,0.375,0.375,0.375
orange_concrete	75,45,0,0,2.5,0,0.375,0.375,0.375,75,45,0,0,2.5,0,0.375,0.375,0.375
magenta_concrete	75,45,0,0,2.5,0,0.375,0.375,0.375,75,45,0,0,2.5,0,0.375,0.375,0.375
light_blue_concrete	75,45,0,0,2.5,0,0.375,0.375,0.375,75,45,0,0,2.5,0,0.375,0.375,0.375
yellow_concrete	75,45,0,0,2.5,0,0.375,0.375,0.375,75,45,0,0,2.5,0,0.375,0.375,0.375
lime_concrete	75,45,0,0,2.5,0,0.375,0.375,0.375,75,45,0,0,2.5,0,0.375,0.375,0.375
pink_concrete	75,45,0,0,2.5,0,0.375,0.375,0.375,75,45,0,0,2.5,0,0.375,0.375,0.375
gray_concrete	75,45,0,0,2.5,0,0.375,0.375,0.375,75,45,0,0,2.5,0,0.375,0.375,0.375
light_gray_concrete	75,45,0,0,2.5,0,0.375,0.375,0.375,75,45,0,0,2.5,0,0.375,0.375,0.375
cyan_concrete	75,45,0,0,2.5,0,0.375,0.375,0.375,75,45,0,0,2.5,0,0.375,0.375,0.375
purple_concrete	75,45,0,0,2.5,0,0.375,0.375,0.375,75,45,0,0,2.5,0,0.375,0.375,0.375
blue_concrete	75,45,0,0,2.5,0,0.375,0.375,0.375,75,45,0,0,2.5,0,0.375,0.375,0.375
brown_concrete	75,45,0,0,2.5,0,0.375,0.375,0.375,75,45,0,0,2.5,0,0.375,0.375,0.375
green_concrete	75,45,0,0,2.5,0,0.375,0.375,0.375,75,45,0,0,2.5,0,0.375,0.375,0.375
red_concrete	75,45,0,0,2.5,0,0.375,0.375,0.375,75,45,0,0,2.5,0,0.375,0.375,0.375
black_concrete	75,45,0,0,2.5,0,0.375,0.375,0.375,75,45,0,0,2.5,0,0.375,0.375,0.375
white_concrete_powder	75,45,0,0,2.5,0,0.375,0.375,0.375,75,45,0,0,2.5,0,0.375,0.375,0.375
orange_concrete_powder	75,45,0,0,2.5,0,0.375,0.375,0.375,75,45,0,0,2.5,0,0.375,0.375,0.375
magenta_concrete_powder	75,45,0,0,2.5,0,0.375,0.375,0.375,75,45,0,0,2.5,0,0.375,0.375,0.375
light_blue_concrete_powder	75,45,0,0,2.5,0,0.375,0.375,0.375,75,45,0,0,2.5,0,0.375,0.375,0.375
yellow_concrete_powder	75,45,0,0,2.5,0,0.375,0.375,0.375,75,45,0,0,2.5,0,0.375,0.375,0.375
lime_concrete_powder	75,45,0,0,2.5,0,0.375,0.375,0.375,75,45,0,0,2.5,0,0.375,0.375,0.375
pink_concrete_powder	75,45,0,0,2.5,0,0.375,0.375,0.375,75,45,0,0,2.5,0,0.375,0.375,0.375
gray_concrete_powder	75,45,0,0,2.5,0,0.375,0.375,0.375,75,45,0,0,2.5,0,0.375,0.375,0.375
light_gray_concrete_powder	75,45,0,0,2.5,0,0.375,0.375,0.375,75,45,0,0,2.5,0,0.375,0.375,0.375
cyan_concrete_powder	75,45,0,0,2.5,0,0.375,0.375,0.375,75,45,0,0,2.5,0,0.375,0.375,0.375
purple_concrete_powder	75,45,0,0,2.5,0,0.375,0.375,0.375,75,45,0,0,2.5,0,0.375,0.375,0.375
blue_concrete_powder	75,45,0,0,2.5,0,0.375,0.375,0.375,75,45,0,0,2.5,0,0.375,0.375,0.375
brown_concrete_powder	75,45,0,0,2.5,0,0.375,0.375,0.375,75,45,0,0,2.5,0,0.375,0.375,0.375
green_concrete_powder	75,45,0,0,2.5,0,0.375,0.375,0.375,75,45,0,0,2.5,0,0.375,0.375,0.375
red_concrete_powder	75,45,0,0,2.5,0,0.375,0.375,0.375,75,45,0,0,2.5,0,0.375,0.375,0.375
black_concrete_powder	75,45,0,0,2.5,0,0.375,0.375,0.375,75,45,0,0,2.5,0,0.375,0.375,0.375
turtle_egg	0,0,0,0,3,1,0.55,0.55,0.55,0,0,0,0,3,1,0.55,0.55,0.55
sniffer_egg	0,0,0,0,3,1,0.55,0.55,0.55,0,0,0,0,3,1,0.55,0.55,0.55
dead_tube_coral_block	75,45,0,0,2.5,0,0.375,0.375,0.375,75,45,0,0,2.5,0,0.375,0.375,0.375
dead_brain_coral_block	75,45,0,0,2.5,0,0.375,0.375,0.375,75,45,0,0,2.5,0,0.375,0.375,0.375
dead_bubble_coral_block	75,45,0,0,2.5,0,0.375,0.375,0.375,75,45,0,0,2.5,0,0.375,0.375,0.375
dead_fire_coral_block	75,45,0,0,2.5,0,0.375,0.375,0.375,75,45,0,0,2.5,0,0.375,0.375,0.375
dead_horn_coral_block	75,45,0,0,2.5,0,0.375,0.375,0.375,75,45,0,0,2.5,0,0.375,0.375,0.375
tube_coral_block	75,45,0,0,2.5,0,0.375,0.375,0.375,75,45,0,0,2.5,0,0.375,0.375,0.375
brain_coral_block	75,45,0,0,2.5,0,0.375,0.375,0.375,75,45,0,0,2.5,0,0.375,0.375,0.375
bubble_coral_block	75,45,0,0,2.5,0,0.375,0.375,0.375,75,45,0,0,2.5,0,0.375,0.375,0.375
fire_coral_block	75,45,0,0,2.5,0,0.375,0.375,0.375,75,45,0,0,2.5,0,0.375,0.375,0.375
horn_coral_block	75,45,0,0,2.5,0,0.375,0.375,0.375,75,45,0,0,2.5,0,0.375,0.375,0.375
tube_coral	0,0,0,0,3,1,0.55,0.55,0.55,0,0,0,0,3,1,0.55,0.55,0.55
brain_coral	0,0,0,0,3,1,0.55,0.55,0.55,0,0,0,0,3,1,0.55,0.55,0.55
bubble_coral	0,0,0,0,3,1,0.55,0.55,0.55,0,0,0,0,3,1,0.55,0.55,0.55
fire_coral	0,0,0,0,3,1,0.55,0.55,0.55,0,0,0,0,3,1,0.55,0.55,0.55
horn_coral	0,0,0,0,3,1,0.55,0.55,0.55,0,0,0,0,3,1,0.55,0.55,0.55
dead_brain_coral	0,0,0,0,3,1,0.55,0.55,0.55,0,0,0,0,3,1,0.55,0.55,0.55
dead_bubble_coral	0,0,0,0,3,1,0.55,0.55,0.55,0,0,0,0,3,1,0.55,0.55,0.55
dead_fire_coral	0,0,0,0,3,1,0.55,0.55,0.55,0,0,0,0,3,1,0.55,0.55,0.55
dead_horn_coral	0,0,0,0,3,1,0.55,0.55,0.55,0,0,0,0,3,1,0.55,0.55,0.55
dead_tube_coral	0,0,0,0,3,1,0.55,0.55,0.55,0,0,0,0,3,1,0.55,0.55,0.55
tube_coral_fan	0,0,0,0,3,1,0.55,0.55,0.55,0,0,0,0,3,1,0.55,0.55,0.55
brain_coral_fan	0,0,0,0,3,1,0.55,0.55,0.55,0,0,0,0,3,1,0.55,0.55,0.55
bubble_coral_fan	0,0,0,0,3,1,0.55,0.55,0.55,0,0,0,0,3,1,0.55,0.55,0.55
fire_coral_fan	0,0,0,0,3,1,0.55,0.55,0.55,0,0,0,0,3,1,0.55,0.55,0.55
horn_coral_fan	0,0,0,0,3,1,0.55,0.55,0.55,0,0,0,0,3,1,0.55,0.55,0.55
dead_tube_coral_fan	0,0,0,0,3,1,0.55,0.55,0.55,0,0,0,0,3,1,0.55,0.55,0.55
dead_brain_coral_fan	0,0,0,0,3,1,0.55,0.55,0.55,0,0,0,0,3,1,0.55,0.55,0.55
dead_bubble_coral_fan	0,0,0,0,3,1,0.55,0.55,0.55,0,0,0,0,3,1,0.55,0.55,0.55
dead_fire_coral_fan	0,0,0,0,3,1,0.55,0.55,0.55,0,0,0,0,3,1,0.55,0.55,0.55
dead_horn_coral_fan	0,0,0,0,3,1,0.55,0.55,0.55,0,0,0,0,3,1,0.55,0.55,0.55
blue_ice	75,45,0,0,2.5,0,0.375,0.375,0.375,75,45,0,0,2.5,0,0.375,0.375,0.375
conduit	75,315,0,0,2.5,0,0.5,0.5,0.5,75,315,0,0,2.5,0,0.5,0.5,0.5
polished_granite_stairs	75,45,0,0,2.5,0,0.375,0.375,0.375,75,-135,0,0,2.5,0,0.375,0.375,0.375
smooth_red_sandstone_stairs	75,45,0,0,2.5,0,0.375,0.375,0.375,75,-135,0,0,2.5,0,0.375,0.375,0.375
mossy_stone_brick_stairs	75,45,0,0,2.5,0,0.375,0.375,0.375,75,-135,0,0,2.5,0,0.375,0.375,0.375
polished_diorite_stairs	75,45,0,0,2.5,0,0.375,0.375,0.375,75,-135,0,0,2.5,0,0.375,0.375,0.375
mossy_cobblestone_stairs	75,45,0,0,2.5,0,0.375,0.375,0.375,75,-135,0,0,2.5,0,0.375,0.375,0.375
end_stone_brick_stairs	75,45,0,0,2.5,0,0.375,0.375,0.375,75,-135,0,0,2.5,0,0.375,0.375,0.375
stone_stairs	75,45,0,0,2.5,0,0.375,0.375,0.375,75,-135,0,0,2.5,0,0.375,0.375,0.375
smooth_sandstone_stairs	75,45,0,0,2.5,0,0.375,0.375,0.375,75,-135,0,0,2.5,0,0.375,0.375,0.375
smooth_quartz_stairs	75,45,0,0,2.5,0,0.375,0.375,0.375,75,-135,0,0,2.5,0,0.375,0.375,0.375
granite_stairs	75,45,0,0,2.5,0,0.375,0.375,0.375,75,-135,0,0,2.5,0,0.375,0.375,0.375
andesite_stairs	75,45,0,0,2.5,0,0.375,0.375,0.375,75,-135,0,0,2.5,0,0.375,0.375,0.375
red_nether_brick_stairs	75,45,0,0,2.5,0,0.375,0.375,0.375,75,-135,0,0,2.5,0,0.375,0.375,0.375
polished_andesite_stairs	75,45,0,0,2.5,0,0.375,0.375,0.375,75,-135,0,0,2.5,0,0.375,0.375,0.375
diorite_stairs	75,45,0,0,2.5,0,0.375,0.375,0.375,75,-135,0,0,2.5,0,0.375,0.375,0.375
cobbled_deepslate_stairs	75,45,0,0,2.5,0,0.375,0.375,0.375,75,-135,0,0,2.5,0,0.375,0.375,0.375
polished_deepslate_stairs	75,45,0,0,2.5,0,0.375,0.375,0.375,75,-135,0,0,2.5,0,0.375,0.375,0.375
deepslate_brick_stairs	75,45,0,0,2.5,0,0.375,0.375,0.375,75,-135,0,0,2.5,0,0.375,0.375,0.375
deepslate_tile_stairs	75,45,0,0,2.5,0,0.375,0.375,0.375,75,-135,0,0,2.5,0,0.375,0.375,0.375
polished_granite_slab	75,45,0,0,2.5,0,0.375,0.375,0.375,75,45,0,0,2.5,0,0.375,0.375,0.375
smooth_red_sandstone_slab	75,45,0,0,2.5,0,0.375,0.375,0.375,75,45,0,0,2.5,0,0.375,0.375,0.375
mossy_stone_brick_slab	75,45,0,0,2.5,0,0.375,0.375,0.375,75,45,0,0,2.5,0,0.375,0.375,0.375
polished_diorite_slab	75,45,0,0,2.5,0,0.375,0.375,0.375,75,45,0,0,2.5,0,0.375,0.375,0.375
mossy_cobblestone_slab	75,45,0,0,2.5,0,0.375,0.375,0.375,75,45,0,0,2.5,0,0.375,0.375,0.375
end_stone_brick_slab	75,45,0,0,2.5,0,0.375,0.375,0.375,75,45,0,0,2.5,0,0.375,0.375,0.375
smooth_sandstone_slab	75,45,0,0,2.5,0,0.375,0.375,0.375,75,45,0,0,2.5,0,0.375,0.375,0.375
smooth_quartz_slab	75,45,0,0,2.5,0,0.375,0.375,0.375,75,45,0,0,2.5,0,0.375,0.375,0.375
granite_slab	75,45,0,0,2.5,0,0.375,0.375,0.375,75,45,0,0,2.5,0,0.375,0.375,0.375
andesite_slab	75,45,0,0,2.5,0,0.375,0.375,0.375,75,45,0,0,2.5,0,0.375,0.375,0.375
red_nether_brick_slab	75,45,0,0,2.5,0,0.375,0.375,0.375,75,45,0,0,2.5,0,0.375,0.375,0.375
polished_andesite_slab	75,45,0,0,2.5,0,0.375,0.375,0.375,75,45,0,0,2.5,0,0.375,0.375,0.375
diorite_slab	75,45,0,0,2.5,0,0.375,0.375,0.375,75,45,0,0,2.5,0,0.375,0.375,0.375
cobbled_deepslate_slab	75,45,0,0,2.5,0,0.375,0.375,0.375,75,45,0,0,2.5,0,0.375,0.375,0.375
polished_deepslate_slab	75,45,0,0,2.5,0,0.375,0.375,0.375,75,45,0,0,2.5,0,0.375,0.375,0.375
deepslate_brick_slab	75,45,0,0,2.5,0,0.375,0.375,0.375,75,45,0,0,2.5,0,0.375,0.375,0.375
deepslate_tile_slab	75,45,0,0,2.5,0,0.375,0.375,0.375,75,45,0,0,2.5,0,0.375,0.375,0.375
scaffolding	75,45,0,0,2.5,0,0.375,0.375,0.375,75,45,0,0,2.5,0,0.375,0.375,0.375
redstone	0,0,0,0,3,1,0.55,0.55,0.55,0,0,0,0,3,1,0.55,0.55,0.55
redstone_torch	0,0,0,0,3,1,0.55,0.55,0.55,0,0,0,0,3,1,0.55,0.55,0.55
redstone_block	75,45,0,0,2.5,0,0.375,0.375,0.375,75,45,0,0,2.5,0,0.375,0.375,0.375
repeater	0,0,0,0,3,1,0.55,0.55,0.55,0,0,0,0,3,1,0.55,0.55,0.55
comparator	0,0,0,0,3,1,0.55,0.55,0.55,0,0,0,0,3,1,0.55,0.55,0.55
piston	75,45,0,0,2.5,0,0.375,0.375,0.375,75,45,0,0,2.5,0,0.375,0.375,0.375
sticky_piston	75,45,0,0,2.5,0,0.375,0.375,0.375,75,45,0,0,2.5,0,0.375,0.375,0.375
slime_block	75,45,0,0,2.5,0,0.375,0.375,0.375,75,45,0,0,2.5,0,0.375,0.375,0.375
honey_block	75,45,0,0,2.5,0,0.375,0.375,0.375,75,45,0,0,2.5,0,0.375,0.375,0.375
observer	75,45,0,0,2.5,0,0.375,0.375,0.375,75,45,0,0,2.5,0,0.375,0.375,0.375
hopper	0,0,0,0,3,1,0.55,0.55,0.55,0,0,0,0,3,1,0.55,0.55,0.55
dispenser	75,45,0,0,2.5,0,0.375,0.375,0.375,75,45,0,0,2.5,0,0.375,0.375,0.375
dropper	75,45,0,0,2.5,0,0.375,0.375,0.375,75,45,0,0,2.5,0,0.375,0.375,0.375
lectern	75,45,0,0,2.5,0,0.375,0.375,0.375,75,45,0,0,2.5,0,0.375,0.375,0.375
target	75,45,0,0,2.5,0,0.375,0.375,0.375,75,45,0,0,2.5,0,0.375,0.375,0.375
lever	0,0,0,0,3,1,0.55,0.55,0.55,0,0,0,0,3,1,0.55,0.55,0.55
lightning_rod	0,0,0,0,2,0.5,0.4,0.4,0.4,0,0,0,0,2,0.5,0.4,0.4,0.4
daylight_detector	75,45,0,0,2.5,2,0.375,0.375,0.375,75,45,0,0,2.5,2,0.375,0.375,0.375
sculk_sensor	75,45,0,0,2.5,0,0.375,0.375,0.375,75,45,0,0,2.5,0,0.375,0.375,0.375
calibrated_sculk_sensor	75,45,0,0,2.5,0,0.375,0.375,0.375,75,-45,0,0,2.5,0,0.375,0.375,0.375
tripwire_hook	0,0,0,0,3,1,0.55,0.55,0.55,0,0,0,0,3,1,0.55,0.55,0.55
trapped_chest	75,315,0,0,2.5,0,0.375,0.375,0.375,75,315,0,0,2.5,0,0.375,0.375,0.375
tnt	75,45,0,0,2.5,0,0.375,0.375,0.375,75,45,0,0,2.5,0,0.375,0.375,0.375
redstone_lamp	75,45,0,0,2.5,0,0.375,0.375,0.375,75,45,0,0,2.5,0,0.375,0.375,0.375
note_block	75,45,0,0,2.5,0,0.375,0.375,0.375,75,45,0,0,2.5,0,0.375,0.375,0.375
stone_button	75,45,0,0,2.5,0,0.375,0.375,0.375,75,45,0,0,2.5,0,0.375,0.375,0.375
polished_blackstone_button	75,45,0,0,2.5,0,0.375,0.375,0.375,75,45,0,0,2.5,0,0.375,0.375,0.375
oak_button	75,45,0,0,2.5,0,0.375,0.375,0.375,75,45,0,0,2.5,0,0.375,0.375,0.375
spruce_button	75,45,0,0,2.5,0,0.375,0.375,0.375,75,45,0,0,2.5,0,0.375,0.375,0.375
birch_button	75,45,0,0,2.5,0,0.375,0.375,0.375,75,45,0,0,2.5,0,0.375,0.375,0.375
jungle_button	75,45,0,0,2.5,0,0.375,0.375,0.375,75,45,0,0,2.5,0,0.375,0.375,0.375
acacia_button	75,45,0,0,2.5,0,0.375,0.375,0.375,75,45,0,0,2.5,0,0.375,0.375,0.375
cherry_button	75,45,0,0,2.5,0,0.375,0.375,0.375,75,45,0,0,2.5,0,0.375,0.375,0.375
dark_oak_button	75,45,0,0,2.5,0,0.375,0.375,0.375,75,45,0,0,2.5,0,0.375,0.375,0.375
mangrove_button	75,45,0,0,2.5,0,0.375,0.375,0.375,75,45,0,0,2.5,0,0.375,0.375,0.375
bamboo_button	75,45,0,0,2.5,0,0.375,0.375,0.375,75,45,0,0,2.5,0,0.375,0.375,0.375
crimson_button	75,45,0,0,2.5,0,0.375,0.375,0.375,75,45,0,0,2.5,0,0.375,0.375,0.375
warped_button	75,45,0,0,2.5,0,0.375,0.375,0.375,75,45,0,0,2.5,0,0.375,0.375,0.375
stone_pressure_plate	75,45,0,0,2.5,2,0.375,0.375,0.375,75,45,0,0,2.5,2,0.375,0.375,0.375
polished_blackstone_pressure_plate	75,45,0,0,2.5,2,0.375,0.375,0.375,75,45,0,0,2.5,2,0.375,0.375,0.375
light_weighted_pressure_plate	75,45,0,0,2.5,2,0.375,0.375,0.375,75,45,0,0,2.5,2,0.375,0.375,0.375
heavy_weighted_pressure_plate	75,45,0,0,2.5,2,0.375,0.375,0.375,75,45,0,0,2.5,2,0.375,0.375,0.375
oak_pressure_plate	75,45,0,0,2.5,2,0.375,0.375,0.375,75,45,0,0,2.5,2,0.375,0.375,0.375
spruce_pressure_plate	75,45,0,0,2.5,2,0.375,0.375,0.375,75,45,0,0,2.5,2,0.375,0.375,0.375
birch_pressure_plate	75,45,0,0,2.5,2,0.375,0.375,0.375,75,45,0,0,2.5,2,0.375,0.375,0.375
jungle_pressure_plate	75,45,0,0,2.5,2,0.375,0.375,0.375,75,45,0,0,2.5,2,0.375,0.375,0.375
acacia_pressure_plate	75,45,0,0,2.5,2,0.375,0.375,0.375,75,45,0,0,2.5,2,0.375,0.375,0.375
cherry_pressure_plate	75,45,0,0,2.5,2,0.375,0.375,0.375,75,45,0,0,2.5,2,0.375,0.375,0.375
dark_oak_pressure_plate	75,45,0,0,2.5,2,0.375,0.375,0.375,75,45,0,0,2.5,2,0.375,0.375,0.375
mangrove_pressure_plate	75,45,0,0,2.5,2,0.375,0.375,0.375,75,45,0,0,2.5,2,0.375,0.375,0.375
bamboo_pressure_plate	75,45,0,0,2.5,2,0.375,0.375,0.375,75,45,0,0,2.5,2,0.375,0.375,0.375
crimson_pressure_plate	75,45,0,0,2.5,2,0.375,0.375,0.375,75,45,0,0,2.5,2,0.375,0.375,0.375
warped_pressure_plate	75,45,0,0,2.5,2,0.375,0.375,0.375,75,45,0,0,2.5,2,0.375,0.375,0.375
iron_door	0,0,0,0,3,1,0.55,0.55,0.55,0,0,0,0,3,1,0.55,0.55,0.55
oak_door	0,0,0,0,3,1,0.55,0.55,0.55,0,0,0,0,3,1,0.55,0.55,0.55
spruce_door	0,0,0,0,3,1,0.55,0.55,0.55,0,0,0,0,3,1,0.55,0.55,0.55
birch_door	0,0,0,0,3,1,0.55,0.55,0.55,0,0,0,0,3,1,0.55,0.55,0.55
jungle_door	0,0,0,0,3,1,0.55,0.55,0.55,0,0,0,0,3,1,0.55,0.55,0.55
acacia_door	0,0,0,0,3,1,0.55,0.55,0.55,0,0,0,0,3,1,0.55,0.55,0.55
cherry_door	0,0,0,0,3,1,0.55,0.55,0.55,0,0,0,0,3,1,0.55,0.55,0.55
dark_oak_door	0,0,0,0,3,1,0.55,0.55,0.55,0,0,0,0,3,1,0.55,0.55,0.55
mangrove_door	0,0,0,0,3,1,0.55,0.55,0.55,0,0,0,0,3,1,0.55,0.55,0.55
bamboo_door	0,0,0,0,3,1,0.55,0.55,0.55,0,0,0,0,3,1,0.55,0.55,0.55
crimson_door	0,0,0,0,3,1,0.55,0.55,0.55,0,0,0,0,3,1,0.55,0.55,0.55
warped_door	0,0,0,0,3,1,0.55,0.55,0.55,0,0,0,0,3,1,0.55,0.55,0.55
iron_trapdoor	75,45,0,0,2.5,2,0.375,0.375,0.375,75,45,0,0,2.5,2,0.375,0.375,0.375
oak_trapdoor	75,45,0,0,2.5,2,0.375,0.375,0.375,75,45,0,0,2.5,2,0.375,0.375,0.375
spruce_trapdoor	75,45,0,0,2.5,2,0.375,0.375,0.375,75,45,0,0,2.5,2,0.375,0.375,0.375
birch_trapdoor	75,45,0,0,2.5,2,0.375,0.375,0.375,75,45,0,0,2.5,2,0.375,0.375,0.375
jungle_trapdoor	75,45,0,0,2.5,2,0.375,0.375,0.375,75,45,0,0,2.5,2,0.375,0.375,0.375
acacia_trapdoor	75,45,0,0,2.5,2,0.375,0.375,0.375,75,45,0,0,2.5,2,0.375,0.375,0.375
cherry_trapdoor	75,45,0,0,2.5,2,0.375,0.375,0.375,75,45,0,0,2.5,2,0.375,0.375,0.375
dark_oak_trapdoor	75,45,0,0,2.5,2,0.375,0.375,0.375,75,45,0,0,2.5,2,0.375,0.375,0.375
mangrove_trapdoor	75,45,0,0,2.5,2,0.375,0.375,0.375,75,45,0,0,2.5,2,0.375,0.375,0.375
bamboo_trapdoor	75,45,0,0,2.5,2,0.375,0.375,0.375,75,45,0,0,2.5,2,0.375,0.375,0.375
crimson_trapdoor	75,45,0,0,2.5,2,0.375,0.375,0.375,75,45,0,0,2.5,2,0.375,0.375,0.375
warped_trapdoor	75,45,0,0,2.5,2,0.375,0.375,0.375,75,45,0,0,2.5,2,0.375,0.375,0.375
oak_fence_gate	75,45,0,0,2.5,0,0.375,0.375,0.375,75,45,0,0,2.5,0,0.375,0.375,0.375
spruce_fence_gate	75,45,0,0,2.5,0,0.375,0.375,0.375,75,45,0,0,2.5,0,0.375,0.375,0.375
birch_fence_gate	75,45,0,0,2.5,0,0.375,0.375,0.375,75,45,0,0,2.5,0,0.375,0.375,0.375
jungle_fence_gate	75,45,0,0,2.5,0,0.375,0.375,0.375,75,45,0,0,2.5,0,0.375,0.375,0.375
acacia_fence_gate	75,45,0,0,2.5,0,0.375,0.375,0.375,75,45,0,0,2.5,0,0.375,0.375,0.375
cherry_fence_gate	75,45,0,0,2.5,0,0.375,0.375,0.375,75,45,0,0,2.5,0,0.375,0.375,0.375
dark_oak_fence_gate	75,45,0,0,2.5,0,0.375,0.375,0.375,75,45,0,0,2.5,0,0.375,0.375,0.375
mangrove_fence_gate	75,45,0,0,2.5,0,0.375,0.375,0.375,75,45,0,0,2.5,0,0.375,0.375,0.375
bamboo_fence_gate	75,45,0,0,2.5,0,0.375,0.375,0.375,75,45,0,0,2.5,0,0.375,0.375,0.375
crimson_fence_gate	75,45,0,0,2.5,0,0.375,0.375,0.375,75,45,0,0,2.5,0,0.375,0.375,0.375
warped_fence_gate	75,45,0,0,2.5,0,0.375,0.375,0.375,75,45,0,0,2.5,0,0.375,0.375,0.375
powered_rail	0,0,0,0,3,1,0.55,0.55,0.55,0,0,0,0,3,1,0.55,0.55,0.55
detector_rail	0,0,0,0,3,1,0.55,0.55,0.55,0,0,0,0,3,1,0.55,0.55,0.55
rail	0,0,0,0,3,1,0.55,0.55,0.55,0,0,0,0,3,1,0.55,0.55,0.55
activator_rail	0,0,0,0,3,1,0.55,0.55,0.55,0,0,0,0,3,1,0.55,0.55,0.55
saddle	0,0,0,0,3,1,0.55,0.55,0.55,0,0,0,0,3,1,0.55,0.55,0.55
minecart	0,0,0,0,3,1,0.55,0.55,0.55,0,0,0,0,3,1,0.55,0.55,0.55
chest_minecart	0,0,0,0,3,1,0.55,0.55,0.55,0,0,0,0,3,1,0.55,0.55,0.55
furnace_minecart	0,0,0,0,3,1,0.55,0.55,0.55,0,0,0,0,3,1,0.55,0.55,0.55
tnt_minecart	0,0,0,0,3,1,0.55,0.55,0.55,0,0,0,0,3,1,0.55,0.55,0.55
hopper_minecart	0,0,0,0,3,1,0.55,0.55,0.55,0,0,0,0,3,1,0.55,0.55,0.55
carrot_on_a_stick	0,90,55,0,4.0,2.5,0.85,0.85,0.85,0,-90,-55,0,4.0,2.5,0.85,0.85,0.85
warped_fungus_on_a_stick	0,90,55,0,4.0,2.5,0.85,0.85,0.85,0,-90,-55,0,4.0,2.5,0.85,0.85,0.85
elytra	0,0,0,0,3,1,0.55,0.55,0.55,0,0,0,0,3,1,0.55,0.55,0.55
oak_boat	0,0,0,0,3,1,0.55,0.55,0.55,0,0,0,0,3,1,0.55,0.55,0.55
oak_chest_boat	0,0,0,0,3,1,0.55,0.55,0.55,0,0,0,0,3,1,0.55,0.55,0.55
spruce_boat	0,0,0,0,3,1,0.55,0.55,0.55,0,0,0,0,3,1,0.55,0.55,0.55
spruce_chest_boat	0,0,0,0,3,1,0.55,0.55,0.55,0,0,0,0,3,1,0.55,0.55,0.55
birch_boat	0,0,0,0,3,1,0.55,0.55,0.55,0,0,0,0,3,1,0.55,0.55,0.55
birch_chest_boat	0,0,0,0,3,1,0.55,0.55,0.55,0,0,0,0,3,1,0.55,0.55,0.55
jungle_boat	0,0,0,0,3,1,0.55,0.55,0.55,0,0,0,0,3,1,0.55,0.55,0.55
jungle_chest_boat	0,0,0,0,3,1,0.55,0.55,0.55,0,0,0,0,3,1,0.55,0.55,0.55
acacia_boat	0,0,0,0,3,1,0.55,0.55,0.55,0,0,0,0,3,1,0.55,0.55,0.55
acacia_chest_boat	0,0,0,0,3,1,0.55,0.55,0.55,0,0,0,0,3,1,0.55,0.55,0.55
cherry_boat	0,0,0,0,3,1,0.55,0.55,0.55,0,0,0,0,3,1,0.55,0.55,0.55
cherry_chest_boat	0,0,0,0,3,1,0.55,0.55,0.55,0,0,0,0,3,1,0.55,0.55,0.55
dark_oak_boat	0,0,0,0,3,1,0.55,0.55,0.55,0,0,0,0,3,1,0.55,0.55,0.55
dark_oak_chest_boat	0,0,0,0,3,1,0.55,0.55,0.55,0,0,0,0,3,1,0.55,0.55,0.55
mangrove_boat	0,0,0,0,3,1,0.55,0.55,0.55,0,0,0,0,3,1,0.55,0.55,0.55
mangrove_chest_boat	0,0,0,0,3,1,0.55,0.55,0.55,0,0,0,0,3,1,0.55,0.55,0.55
bamboo_raft	0,0,0,0,3,1,0.55,0.55,0.55,0,0,0,0,3,1,0.55,0.55,0.55
bamboo_chest_raft	0,0,0,0,3,1,0.55,0.55,0.55,0,0,0,0,3,1,0.55,0.55,0.55
structure_block	75,45,0,0,2.5,0,0.375,0.375,0.375,75,45,0,0,2.5,0,0.375,0.375,0.375
jigsaw	75,45,0,0,2.5,0,0.375,0.375,0.375,75,45,0,0,2.5,0,0.375,0.375,0.375
turtle_helmet	0,0,0,0,3,1,0.55,0.55,0.55,0,0,0,0,3,1,0.55,0.55,0.55
scute	0,0,0,0,3,1,0.55,0.55,0.55,0,0,0,0,3,1,0.55,0.55,0.55
flint_and_steel	0,0,0,0,3,1,0.55,0.55,0.55,0,0,0,0,3,1,0.55,0.55,0.55
apple	0,0,0,0,3,1,0.55,0.55,0.55,0,0,0,0,3,1,0.55,0.55,0.55
bow	-80,260,-40,-1,-2,2.5,0.9,0.9,0.9,-80,-280,40,-1,-2,2.5,0.9,0.9,0.9
arrow	0,0,0,0,3,1,0.55,0.55,0.55,0,0,0,0,3,1,0.55,0.55,0.55
coal	0,0,0,0,3,1,0.55,0.55,0.55,0,0,0,0,3,1,0.55,0.55,0.55
charcoal	0,0,0,0,3,1,0.55,0.55,0.55,0,0,0,0,3,1,0.55,0.55,0.55
diamond	0,0,0,0,3,1,0.55,0.55,0.55,0,0,0,0,3,1,0.55,0.55,0.55
emerald	0,0,0,0,3,1,0.55,0.55,0.55,0,0,0,0,3,1,0.55,0.55,0.55
lapis_lazuli	0,0,0,0,3,1,0.55,0.55,0.55,0,0,0,0,3,1,0.55,0.55,0.55
quartz	0,0,0,0,3,1,0.55,0.55,0.55,0,0,0,0,3,1,0.55,0.55,0.55
amethyst_shard	0,0,0,0,3,1,0.55,0.55,0.55,0,0,0,0,3,1,0.55,0.55,0.55
raw_iron	0,0,0,0,3,1,0.55,0.55,0.55,0,0,0,0,3,1,0.55,0.55,0.55
iron_ingot	0,0,0,0,3,1,0.55,0.55,0.55,0,0,0,0,3,1,0.55,0.55,0.55
raw_copper	0,0,0,0,3,1,0.55,0.55,0.55,0,0,0,0,3,1,0.55,0.55,0.55
copper_ingot	0,0,0,0,3,1,0.55,0.55,0.55,0,0,0,0,3,1,0.55,0.55,0.55
raw_gold	0,0,0,0,3,1,0.55,0.55,0.55,0,0,0,0,3,1,0.55,0.55,0.55
gold_ingot	0,0,0,0,3,1,0.55,0.55,0.55,0,0,0,0,3,1,0.55,0.55,0.55
netherite_ingot	0,0,0,0,3,1,0.55,0.55,0.55,0,0,0,0,3,1,0.55,0.55,0.55
netherite_scrap	0,0,0,0,3,1,0.55,0.55,0.55,0,0,0,0,3,1,0.55,0.55,0.55
wooden_sword	0,-90,55,0,4.0,0.5,0.85,0.85,0.85,0,90,-55,0,4.0,0.5,0.85,0.85,0.85
wooden_shovel	0,-90,55,0,4.0,0.5,0.85,0.85,0.85,0,90,-55,0,4.0,0.5,0.85,0.85,0.85
wooden_pickaxe	0,-90,55,0,4.0,0.5,0.85,0.85,0.85,0,90,-55,0,4.0,0.5,0.85,0.85,0.85
wooden_axe	0,-90,55,0,4.0,0.5,0.85,0.85,0.85,0,90,-55,0,4.0,0.5,0.85,0.85,0.85
wooden_hoe	0,-90,55,0,4.0,0.5,0.85,0.85,0.85,0,90,-55,0,4.0,0.5,0.85,0.85,0.85
stone_sword	0,-90,55,0,4.0,0.5,0.85,0.85,0.85,0,90,-55,0,4.0,0.5,0.85,0.85,0.85
stone_shovel	0,-90,55,0,4.0,0.5,0.85,0.85,0.85,0,90,-55,0,4.0,0.5,0.85,0.85,0.85
stone_pickaxe	0,-90,55,0,4.0,0.5,0.85,0.85,0.85,0,90,-55,0,4.0,0.5,0.85,0.85,0.85
stone_axe	0,-90,55,0,4.0,0.5,0.85,0.85,0.85,0,90,-55,0,4.0,0.5,0.85,0.85,0.85
stone_hoe	0,-90,55,0,4.0,0.5,0.85,0.85,0.85,0,90,-55,0,4.0,0.5,0.85,0.85,0.85
golden_sword	0,-90,55,0,4.0,0.5,0.85,0.85,0.85,0,90,-55,0,4.0,0.5,0.85,0.85,0.85
golden_shovel	0,-90,55,0,4.0,0.5,0.85,0.85,0.85,0,90,-55,0,4.0,0.5,0.85,0.85,0.85
golden_pickaxe	0,-90,55,0,4.0,0.5,0.85,0.85,0.85,0,90,-55,0,4.0,0.5,0.85,0.85,0.85
golden_axe	0,-90,55,0,4.0,0.5,0.85,0.85,0.85,0,90,-55,0,4.0,0.5,0.85,0.85,0.85
golden_hoe	0,-90,55,0,4.0,0.5,0.85,0.85,0.85,0,90,-55,0,4.0,0.5,0.85,0.85,0.85
iron_sword	0,-90,55,0,4.0,0.5,0.85,0.85,0.85,0,90,-55,0,4.0,0.5,0.85,0.85,0.85
iron_shovel	0,-90,55,0,4.0,0.5,0.85,0.85,0.85,0,90,-55,0,4.0,0.5,0.85,0.85,0.85
iron_pickaxe	0,-90,55,0,4.0,0.5,0.85,0.85,0.85,0,90,-55,0,4.0,0.5,0.85,0.85,0.85
iron_axe	0,-90,55,0,4.0,0.5,0.85,0.85,0.85,0,90,-55,0,4.0,0.5,0.85,0.85,0.85
iron_hoe	0,-90,55,0,4.0,0.5,0.85,0.85,0.85,0,90,-55,0,4.0,0.5,0.85,0.85,0.85
diamond_sword	0,-90,55,0,4.0,0.5,0.85,0.85,0.85,0,90,-55,0,4.0,0.5,0.85,0.85,0.85
diamond_shovel	0,-90,55,0,4.0,0.5,0.85,0.85,0.85,0,90,-55,0,4.0,0.5,0.85,0.85,0.85
diamond_pickaxe	0,-90,55,0,4.0,0.5,0.85,0.85,0.85,0,90,-55,0,4.0,0.5,0.85,0.85,0.85
diamond_axe	0,-90,55,0,4.0,0.5,0.85,0.85,0.85,0,90,-55,0,4.0,0.5,0.85,0.85,0.85
diamond_hoe	0,-90,55,0,4.0,0.5,0.85,0.85,0.85,0,90,-55,0,4.0,0.5,0.85,0.85,0.85
netherite_sword	0,-90,55,0,4.0,0.5,0.85,0.85,0.85,0,90,-55,0,4.0,0.5,0.85,0.85,0.85
netherite_shovel	0,-90,55,0,4.0,0.5,0.85,0.85,0.85,0,90,-55,0,4.0,0.5,0.85,0.85,0.85
netherite_pickaxe	0,-90,55,0,4.0,0.5,0.85,0.85,0.85,0,90,-55,0,4.0,0.5,0.85,0.85,0.85
netherite_axe	0,-90,55,0,4.0,0.5,0.85,0.85,0.85,0,90,-55,0,4.0,0.5,0.85,0.85,0.85
netherite_hoe	0,-90,55,0,4.0,0.5,0.85,0.85,0.85,0,90,-55,0,4.0,0.5,0.85,0.85,0.85
stick	0,-90,55,0,4.0,0.5,0.85,0.85,0.85,0,90,-55,0,4.0,0.5,0.85,0.85,0.85
bowl	0,0,0,0,3,1,0.55,0.55,0.55,0,0,0,0,3,1,0.55,0.55,0.55
mushroom_stew	0,0,0,0,3,1,0.55,0.55,0.55,0,0,0,0,3,1,0.55,0.55,0.55
string	0,0,0,0,3,1,0.55,0.55,0.55,0,0,0,0,3,1,0.55,0.55,0.55
feather	0,0,0,0,3,1,0.55,0.55,0.55,0,0,0,0,3,1,0.55,0.55,0.55
gunpowder	0,0,0,0,3,1,0.55,0.55,0.55,0,0,0,0,3,1,0.55,0.55,0.55
wheat_seeds	0,0,0,0,3,1,0.55,0.55,0.55,0,0,0,0,3,1,0.55,0.55,0.55
wheat	0,0,0,0,3,1,0.55,0.55,0.55,0,0,0,0,3,1,0.55,0.55,0.55
bread	0,0,0,0,3,1,0.55,0.55,0.55,0,0,0,0,3,1,0.55,0.55,0.55
leather_helmet	0,0,0,0,3,1,0.55,0.55,0.55,0,0,0,0,3,1,0.55,0.55,0.55
leather_chestplate	0,0,0,0,3,1,0.55,0.55,0.55,0,0,0,0,3,1,0.55,0.55,0.55
leather_leggings	0,0,0,0,3,1,0.55,0.55,0.55,0,0,0,0,3,1,0.55,0.55,0.55
leather_boots	0,0,0,0,3,1,0.55,0.55,0.55,0,0,0,0,3,1,0.55,0.55,0.55
chainmail_helmet	0,0,0,0,3,1,0.55,0.55,0.55,0,0,0,0,3,1,0.55,0.55,0.55
chainmail_chestplate	0,0,0,0,3,1,0.55,0.55,0.55,0,0,0,0,3,1,0.55,0.55,0.55
chainmail_leggings	0,0,0,0,3,1,0.55,0.55,0.55,0,0,0,0,3,1,0.55,0.55,0.55
chainmail_boots	0,0,0,0,3,1,0.55,0.55,0.55,0,0,0,0,3,1,0.55,0.55,0.55
iron_helmet	0,0,0,0,3,1,0.55,0.55,0.55,0,0,0,0,3,1,0.55,0.55,0.55
iron_chestplate	0,0,0,0,3,1,0.55,0.55,0.55,0,0,0,0,3,1,0.55,0.55,0.55
iron_leggings	0,0,0,0,3,1,0.55,0.55,0.55,0,0,0,0,3,1,0.55,0.55,0.55
iron_boots	0,0,0,0,3,1,0.55,0.55,0.55,0,0,0,0,3,1,0.55,0.55,0.55
diamond_helmet	0,0,0,0,3,1,0.55,0.55,0.55,0,0,0,0,3,1,0.55,0.55,0.55
diamond_chestplate	0,0,0,0,3,1,0.55,0.55,0.55,0,0,0,0,3,1,0.55,0.55,0.55
diamond_leggings	0,0,0,0,3,1,0.55,0.55,0.55,0,0,0,0,3,1,0.55,0.55,0.55
diamond_boots	0,0,0,0,3,1,0.55,0.55,0.55,0,0,0,0,3,1,0.55,0.55,0.55
golden_helmet	0,0,0,0,3,1,0.55,0.55,0.55,0,0,0,0,3,1,0.55,0.55,0.55
golden_chestplate	0,0,0,0,3,1,0.55,0.55,0.55,0,0,0,0,3,1,0.55,0.55,0.55
golden_leggings	0,0,0,0,3,1,0.55,0.55,0.55,0,0,0,0,3,1,0.55,0.55,0.55
golden_boots	0,0,0,0,3,1,0.55,0.55,0.55,0,0,0,0,3,1,0.55,0.55,0.55
netherite_helmet	0,0,0,0,3,1,0.55,0.55,0.55,0,0,0,0,3,1,0.55,0.55,0.55
netherite_chestplate	0,0,0,0,3,1,0.55,0.55,0.55,0,0,0,0,3,1,0.55,0.55,0.55
netherite_leggings	0,0,0,0,3,1,0.55,0.55,0.55,0,0,0,0,3,1,0.55,0.55,0.55
netherite_boots	0,0,0,0,3,1,0.55,0.55,0.55,0,0,0,0,3,1,0.55,0.55,0.55
flint	0,0,0,0,3,1,0.55,0.55,0.55,0,0,0,0,3,1,0.55,0.55,0.55
porkchop	0,0,0,0,3,1,0.55,0.55,0.55,0,0,0,0,3,1,0.55,0.55,0.55
cooked_porkchop	0,0,0,0,3,1,0.55,0.55,0.55,0,0,0,0,3,1,0.55,0.55,0.55
painting	0,0,0,0,3,1,0.55,0.55,0.55,0,0,0,0,3,1,0.55,0.55,0.55
golden_apple	0,0,0,0,3,1,0.55,0.55,0.55,0,0,0,0,3,1,0.55,0.55,0.55
enchanted_golden_apple	0,0,0,0,3,1,0.55,0.55,0.55,0,0,0,0,3,1,0.55,0.55,0.55
oak_sign	0,0,0,0,3,1,0.55,0.55,0.55,0,0,0,0,3,1,0.55,0.55,0.55
spruce_sign	0,0,0,0,3,1,0.55,0.55,0.55,0,0,0,0,3,1,0.55,0.55,0.55
birch_sign	0,0,0,0,3,1,0.55,0.55,0.55,0,0,0,0,3,1,0.55,0.55,0.55
jungle_sign	0,0,0,0,3,1,0.55,0.55,0.55,0,0,0,0,3,1,0.55,0.55,0.55
acacia_sign	0,0,0,0,3,1,0.55,0.55,0.55,0,0,0,0,3,1,0.55,0.55,0.55
cherry_sign	0,0,0,0,3,1,0.55,0.55,0.55,0,0,0,0,3,1,0.55,0.55,0.55
dark_oak_sign	0,0,0,0,3,1,0.55,0.55,0.55,0,0,0,0,3,1,0.55,0.55,0.55
mangrove_sign	0,0,0,0,3,1,0.55,0.55,0.55,0,0,0,0,3,1,0.55,0.55,0.55
bamboo_sign	0,0,0,0,3,1,0.55,0.55,0.55,0,0,0,0,3,1,0.55,0.55,0.55
crimson_sign	0,0,0,0,3,1,0.55,0.55,0.55,0,0,0,0,3,1,0.55,0.55,0.55
warped_sign	0,0,0,0,3,1,0.55,0.55,0.55,0,0,0,0,3,1,0.55,0.55,0.55
oak_hanging_sign	0,0,0,0,3,1,0.55,0.55,0.55,0,0,0,0,3,1,0.55,0.55,0.55
spruce_hanging_sign	0,0,0,0,3,1,0.55,0.55,0.55,0,0,0,0,3,1,0.55,0.55,0.55
birch_hanging_sign	0,0,0,0,3,1,0.55,0.55,0.55,0,0,0,0,3,1,0.55,0.55,0.55
jungle_hanging_sign	0,0,0,0,3,1,0.55,0.55,0.55,0,0,0,0,3,1,0.55,0.55,0.55
acacia_hanging_sign	0,0,0,0,3,1,0.55,0.55,0.55,0,0,0,0,3,1,0.55,0.55,0.55
cherry_hanging_sign	0,0,0,0,3,1,0.55,0.55,0.55,0,0,0,0,3,1,0.55,0.55,0.55
dark_oak_hanging_sign	0,0,0,0,3,1,0.55,0.55,0.55,0,0,0,0,3,1,0.55,0.55,0.55
mangrove_hanging_sign	0,0,0,0,3,1,0.55,0.55,0.55,0,0,0,0,3,1,0.55,0.55,0.55
bamboo_hanging_sign	0,0,0,0,3,1,0.55,0.55,0.55,0,0,0,0,3,1,0.55,0.55,0.55
crimson_hanging_sign	0,0,0,0,3,1,0.55,0.55,0.55,0,0,0,0,3,1,0.55,0.55,0.55
warped_hanging_sign	0,0,0,0,3,1,0.55,0.55,0.55,0,0,0,0,3,1,0.55,0.55,0.55
bucket	0,0,0,0,3,1,0.55,0.55,0.55,0,0,0,0,3,1,0.55,0.55,0.55
water_bucket	0,0,0,0,3,1,0.55,0.55,0.55,0,0,0,0,3,1,0.55,0.55,0.55
lava_bucket	0,0,0,0,3,1,0.55,0.55,0.55,0,0,0,0,3,1,0.55,0.55,0.55
powder_snow_bucket	0,0,0,0,3,1,0.55,0.55,0.55,0,0,0,0,3,1,0.55,0.55,0.55
snowball	0,0,0,0,3,1,0.55,0.55,0.55,0,0,0,0,3,1,0.55,0.55,0.55
leather	0,0,0,0,3,1,0.55,0.55,0.55,0,0,0,0,3,1,0.55,0.55,0.55
milk_bucket	0,0,0,0,3,1,0.55,0.55,0.55,0,0,0,0,3,1,0.55,0.55,0.55
pufferfish_bucket	0,0,0,0,3,1,0.55,0.55,0.55,0,0,0,0,3,1,0.55,0.55,0.55
salmon_bucket	0,0,0,0,3,1,0.55,0.55,0.55,0,0,0,0,3,1,0.55,0.55,0.55
cod_bucket	0,0,0,0,3,1,0.55,0.55,0.55,0,0,0,0,3,1,0.55,0.55,0.55
tropical_fish_bucket	0,0,0,0,3,1,0.55,0.55,0.55,0,0,0,0,3,1,0.55,0.55,0.55
axolotl_bucket	0,0,0,0,3,1,0.55,0.55,0.55,0,0,0,0,3,1,0.55,0.55,0.55
tadpole_bucket	0,0,0,0,3,1,0.55,0.55,0.55,0,0,0,0,3,1,0.55,0.55,0.55
brick	0,0,0,0,3,1,0.55,0.55,0.55,0,0,0,0,3,1,0.55,0.55,0.55
clay_ball	0,0,0,0,3,1,0.55,0.55,0.55,0,0,0,0,3,1,0.55,0.55,0.55
dried_kelp_block	75,45,0,0,2.5,0,0.375,0.375,0.375,75,45,0,0,2.5,0,0.375,0.375,0.375
paper	0,0,0,0,3,1,0.55,0.55,0.55,0,0,0,0,3,1,0.55,0.55,0.55
book	0,0,0,0,3,1,0.55,0.55,0.55,0,0,0,0,3,1,0.55,0.55,0.55
slime_ball	0,0,0,0,3,1,0.55,0.55,0.55,0,0,0,0,3,1,0.55,0.55,0.55
egg	0,0,0,0,3,1,0.55,0.55,0.55,0,0,0,0,3,1,0.55,0.55,0.55
compass	0,0,0,0,3,1,0.55,0.55,0.55,0,0,0,0,3,1,0.55,0.55,0.55
recovery_compass	0,0,0,0,3,1,0.55,0.55,0.55,0,0,0,0,3,1,0.55,0.55,0.55
bundle	0,0,0,0,3,1,0.55,0.55,0.55,0,0,0,0,3,1,0.55,0.55,0.55
fishing_rod	0,90,55,0,4.0,2.5,0.85,0.85,0.85,0,-90,-55,0,4.0,2.5,0.85,0.85,0.85
clock	0,0,0,0,3,1,0.55,0.55,0.55,0,0,0,0,3,1,0.55,0.55,0.55
spyglass	0,0,0,0,3,1,0.55,0.55,0.55,0,0,0,0,3,1,0.55,0.55,0.55
glowstone_dust	0,0,0,0,3,1,0.55,0.55,0.55,0,0,0,0,3,1,0.55,0.55,0.55
cod	0,0,0,0,3,1,0.55,0.55,0.55,0,0,0,0,3,1,0.55,0.55,0.55
salmon	0,0,0,0,3,1,0.55,0.55,0.55,0,0,0,0,3,1,0.55,0.55,0.55
tropical_fish	0,0,0,0,3,1,0.55,0.55,0.55,0,0,0,0,3,1,0.55,0.55,0.55
pufferfish	0,0,0,0,3,1,0.55,0.55,0.55,0,0,0,0,3,1,0.55,0.55,0.55
cooked_cod	0,0,0,0,3,1,0.55,0.55,0.55,0,0,0,0,3,1,0.55,0.55,0.55
cooked_salmon	0,0,0,0,3,1,0.55,0.55,0.55,0,0,0,0,3,1,0.55,0.55,0.55
ink_sac	0,0,0,0,3,1,0.55,0.55,0.55,0,0,0,0,3,1,0.55,0.55,0.55
glow_ink_sac	0,0,0,0,3,1,0.55,0.55,0.55,0,0,0,0,3,1,0.55,0.55,0.55
cocoa_beans	0,0,0,0,3,1,0.55,0.55,0.55,0,0,0,0,3,1,0.55,0.55,0.55
white_dye	0,0,0,0,3,1,0.55,0.55,0.55,0,0,0,0,3,1,0.55,0.55,0.55
orange_dye	0,0,0,0,3,1,0.55,0.55,0.55,0,0,0,0,3,1,0.55,0.55,0.55
magenta_dye	0,0,0,0,3,1,0.55,0.55,0.55,0,0,0,0,3,1,0.55,0.55,0.55
light_blue_dye	0,0,0,0,3,1,0.55,0.55,0.55,0,0,0,0,3,1,0.55,0.55,0.55
yellow_dye	0,0,0,0,3,1,0.55,0.55,0.55,0,0,0,0,3,1,0.55,0.55,0.55
lime_dye	0,0,0,0,3,1,0.55,0.55,0.55,0,0,0,0,3,1,0.55,0.55,0.55
pink_dye	0,0,0,0,3,1,0.55,0.55,0.55,0,0,0,0,3,1,0.55,0.55,0.55
gray_dye	0,0,0,0,3,1,0.55,0.55,0.55,0,0,0,0,3,1,0.55,0.55,0.55
light_gray_dye	0,0,0,0,3,1,0.55,0.55,0.55,0,0,0,0,3,1,0.55,0.55,0.55
cyan_dye	0,0,0,0,3,1,0.55,0.55,0.55,0,0,0,0,3,1,0.55,0.55,0.55
purple_dye	0,0,0,0,3,1,0.55,0.55,0.55,0,0,0,0,3,1,0.55,0.55,0.55
blue_dye	0,0,0,0,3,1,0.55,0.55,0.55,0,0,0,0,3,1,0.55,0.55,0.55
brown_dye	0,0,0,0,3,1,0.55,0.55,0.55,0,0,0,0,3,1,0.55,0.55,0.55
green_dye	0,0,0,0,3,1,0.55,0.55,0.55,0,0,0,0,3,1,0.55,0.55,0.55
red_dye	0,0,0,0,3,1,0.55,0.55,0.55,0,0,0,0,3,1,0.55,0.55,0.55
black_dye	0,0,0,0,3,1,0.55,0.55,0.55,0,0,0,0,3,1,0.55,0.55,0.55
bone_meal	0,0,0,0,3,1,0.55,0.55,0.55,0,0,0,0,3,1,0.55,0.55,0.55
bone	0,-90,55,0,4.0,0.5,0.85,0.85,0.85,0,90,-55,0,4.0,0.5,0.85,0.85,0.85
sugar	0,0,0,0,3,1,0.55,0.55,0.55,0,0,0,0,3,1,0.55,0.55,0.55
cake	0,0,0,0,3,1,0.55,0.55,0.55,0,0,0,0,3,1,0.55,0.55,0.55
white_bed	30,160,0,0,3,-2,0.23,0.23,0.23,30,160,0,0,3,-2,0.23,0.23,0.23
orange_bed	30,160,0,0,3,-2,0.23,0.23,0.23,30,160,0,0,3,-2,0.23,0.23,0.23
magenta_bed	30,160,0,0,3,-2,0.23,0.23,0.23,30,160,0,0,3,-2,0.23,0.23,0.23
light_blue_bed	30,160,0,0,3,-2,0.23,0.23,0.23,30,160,0,0,3,-2,0.23,0.23,0.23
yellow_bed	30,160,0,0,3,-2,0.23,0.23,0.23,30,160,0,0,3,-2,0.23,0.23,0.23
lime_bed	30,160,0,0,3,-2,0.23,0.23,0.23,30,160,0,0,3,-2,0.23,0.23,0.23
pink_bed	30,160,0,0,3,-2,0.23,0.23,0.23,30,160,0,0,3,-2,0.23,0.23,0.23
gray_bed	30,160,0,0,3,-2,0.23,0.23,0.23,30,160,0,0,3,-2,0.23,0.23,0.23
light_gray_bed	30,160,0,0,3,-2,0.23,0.23,0.23,30,160,0,0,3,-2,0.23,0.23,0.23
cyan_bed	30,160,0,0,3,-2,0.23,0.23,0.23,30,160,0,0,3,-2,0.23,0.23,0.23
purple_bed	30,160,0,0,3,-2,0.23,0.23,0.23,30,160,0,0,3,-2,0.23,0.23,0.23
blue_bed	30,160,0,0,3,-2,0.23,0.23,0.23,30,160,0,0,3,-2,0.23,0.23,0.23
brown_bed	30,160,0,0,3,-2,0.23,0.23,0.23,30,160,0,0,3,-2,0.23,0.23,0.23
green_bed	30,160,0,0,3,-2,0.23,0.23,0.23,30,160,0,0,3,-2,0.23,0.23,0.23
red_bed	30,160,0,0,3,-2,0.23,0.23,0.23,30,160,0,0,3,-2,0.23,0.23,0.23
black_bed	30,160,0,0,3,-2,0.23,0.23,0.23,30,160,0,0,3,-2,0.23,0.23,0.23
cookie	0,0,0,0,3,1,0.55,0.55,0.55,0,0,0,0,3,1,0.55,0.55,0.55
filled_map	0,0,0,0,3,1,0.55,0.55,0.55,0,0,0,0,3,1,0.55,0.55,0.55
shears	0,0,0,0,3,1,0.55,0.55,0.55,0,0,0,0,3,1,0.55,0.55,0.55
melon_slice	0,0,0,0,3,1,0.55,0.55,0.55,0,0,0,0,3,1,0.55,0.55,0.55
dried_kelp	0,0,0,0,3,1,0.55,0.55,0.55,0,0,0,0,3,1,0.55,0.55,0.55
pumpkin_seeds	0,0,0,0,3,1,0.55,0.55,0.55,0,0,0,0,3,1,0.55,0.55,0.55
melon_seeds	0,0,0,0,3,1,0.55,0.55,0.55,0,0,0,0,3,1,0.55,0.55,0.55
beef	0,0,0,0,3,1,0.55,0.55,0.55,0,0,0,0,3,1,0.55,0.55,0.55
cooked_beef	0,0,0,0,3,1,0.55,0.55,0.55,0,0,0,0,3,1,0.55,0.55,0.55
chicken	0,0,0,0,3,1,0.55,0.55,0.55,0,0,0,0,3,1,0.55,0.55,0.55
cooked_chicken	0,0,0,0,3,1,0.55,0.55,0.55,0,0,0,0,3,1,0.55,0.55,0.55
rotten_flesh	0,0,0,0,3,1,0.55,0.55,0.55,0,0,0,0,3,1,0.55,0.55,0.55
ender_pearl	0,0,0,0,3,1,0.55,0.55,0.55,0,0,0,0,3,1,0.55,0.55,0.55
blaze_rod	0,-90,55,0,4.0,0.5,0.85,0.85,0.85,0,90,-55,0,4.0,0.5,0.85,0.85,0.85
ghast_tear	0,0,0,0,3,1,0.55,0.55,0.55,0,0,0,0,3,1,0.55,0.55,0.55
gold_nugget	0,0,0,0,3,1,0.55,0.55,0.55,0,0,0,0,3,1,0.55,0.55,0.55
nether_wart	0,0,0,0,3,1,0.55,0.55,0.55,0,0,0,0,3,1,0.55,0.55,0.55
potion	0,0,0,0,3,1,0.55,0.55,0.55,0,0,0,0,3,1,0.55,0.55,0.55
glass_bottle	0,0,0,0,3,1,0.55,0.55,0.55,0,0,0,0,3,1,0.55,0.55,0.55
spider_eye	0,0,0,0,3,1,0.55,0.55,0.55,0,0,0,0,3,1,0.55,0.55,0.55
fermented_spider_eye	0,0,0,0,3,1,0.55,0.55,0.55,0,0,0,0,3,1,0.55,0.55,0.55
blaze_powder	0,0,0,0,3,1,0.55,0.55,0.55,0,0,0,0,3,1,0.55,0.55,0.55
magma_cream	0,0,0,0,3,1,0.55,0.55,0.55,0,0,0,0,3,1,0.55,0.55,0.55
brewing_stand	0,0,0,0,3,1,0.55,0.55,0.55,0,0,0,0,3,1,0.55,0.55,0.55
cauldron	0,0,0,0,3,1,0.55,0.55,0.55,0,0,0,0,3,1,0.55,0.55,0.55
ender_eye	0,0,0,0,3,1,0.55,0.55,0.55,0,0,0,0,3,1,0.55,0.55,0.55
glistering_melon_slice	0,0,0,0,3,1,0.55,0.55,0.55,0,0,0,0,3,1,0.55,0.55,0.55
allay_spawn_egg	0,0,0,0,3,1,0.55,0.55,0.55,0,0,0,0,3,1,0.55,0.55,0.55
axolotl_spawn_egg	0,0,0,0,3,1,0.55,0.55,0.55,0,0,0,0,3,1,0.55,0.55,0.55
bat_spawn_egg	0,0,0,0,3,1,0.55,0.55,0.55,0,0,0,0,3,1,0.55,0.55,0.55
bee_spawn_egg	0,0,0,0,3,1,0.55,0.55,0.55,0,0,0,0,3,1,0.55,0.55,0.55
blaze_spawn_egg	0,0,0,0,3,1,0.55,0.55,0.55,0,0,0,0,3,1,0.55,0.55,0.55
cat_spawn_egg	0,0,0,0,3,1,0.55,0.55,0.55,0,0,0,0,3,1,0.55,0.55,0.55
camel_spawn_egg	0,0,0,0,3,1,0.55,0.55,0.55,0,0,0,0,3,1,0.55,0.55,0.55
cave_spider_spawn_egg	0,0,0,0,3,1,0.55,0.55,0.55,0,0,0,0,3,1,0.55,0.55,0.55
chicken_spawn_egg	0,0,0,0,3,1,0.55,0.55,0.55,0,0,0,0,3,1,0.55,0.55,0.55
cod_spawn_egg	0,0,0,0,3,1,0.55,0.55,0.55,0,0,0,0,3,1,0.55,0.55,0.55
cow_spawn_egg	0,0,0,0,3,1,0.55,0.55,0.55,0,0,0,0,3,1,0.55,0.55,0.55
creeper_spawn_egg	0,0,0,0,3,1,0.55,0.55,0.55,0,0,0,0,3,1,0.55,0.55,0.55
dolphin_spawn_egg	0,0,0,0,3,1,0.55,0.55,0.55,0,0,0,0,3,1,0.55,0.55,0.55
donkey_spawn_egg	0,0,0,0,3,1,0.55,0.55,0.55,0,0,0,0,3,1,0.55,0.55,0.55
drowned_spawn_egg	0,0,0,0,3,1,0.55,0.55,0.55,0,0,0,0,3,1,0.55,0.55,0.55
elder_guardian_spawn_egg	0,0,0,0,3,1,0.55,0.55,0.55,0,0,0,0,3,1,0.55,0.55,0.55
ender_dragon_spawn_egg	0,0,0,0,3,1,0.55,0.55,0.55,0,0,0,0,3,1,0.55,0.55,0.55
enderman_spawn_egg	0,0,0,0,3,1,0.55,0.55,0.55,0,0,0,0,3,1,0.55,0.55,0.55
endermite_spawn_egg	0,0,0,0,3,1,0.55,0.55,0.55,0,0,0,0,3,1,0.55,0.55,0.55
evoker_spawn_egg	0,0,0,0,3,1,0.55,0.55,0.55,0,0,0,0,3,1,0.55,0.55,0.55
fox_spawn_egg	0,0,0,0,3,1,0.55,0.55,0.55,0,0,0,0,3,1,0.55,0.55,0.55
frog_spawn_egg	0,0,0,0,3,1,0.55,0.55,0.55,0,0,0,0,3,1,0.55,0.55,0.55
ghast_spawn_egg	0,0,0,0,3,1,0.55,0.55,0.55,0,0,0,0,3,1,0.55,0.55,0.55
glow_squid_spawn_egg	0,0,0,0,3,1,0.55,0.55,0.55,0,0,0,0,3,1,0.55,0.55,0.55
goat_spawn_egg	0,0,0,0,3,1,0.55,0.55,0.55,0,0,0,0,3,1,0.55,0.55,0.55
guardian_spawn_egg	0,0,0,0,3,1,0.55,0.55,0.55,0,0,0,0,3,1,0.55,0.55,0.55
hoglin_spawn_egg	0,0,0,0,3,1,0.55,0.55,0.55,0,0,0,0,3,1,0.55,0.55,0.55
horse_spawn_egg	0,0,0,0,3,1,0.55,0.55,0.55,0,0,0,0,3,1,0.55,0.55,0.55
husk_spawn_egg	0,0,0,0,3,1,0.55,0.55,0.55,0,0,0,0,3,1,0.55,0.55,0.55
iron_golem_spawn_egg	0,0,0,0,3,1,0.55,0.55,0.55,0,0,0,0,3,1,0.55,0.55,0.55
llama_spawn_egg	0,0,0,0,3,1,0.55,0.55,0.55,0,0,0,0,3,1,0.55,0.55,0.55
magma_cube_spawn_egg	0,0,0,0,3,1,0.55,0.55,0.55,0,0,0,0,3,1,0.55,0.55,0.55
mooshroom_spawn_egg	0,0,0,0,3,1,0.55,0.55,0.55,0,0,0,0,3,1,0.55,0.55,0.55
mule_spawn_egg	0,0,0,0,3,1,0.55,0.55,0.55,0,0,0,0,3,1,0.55,0.55,0.55
ocelot_spawn_egg	0,0,0,0,3,1,0.55,0.55,0.55,0,0,0,0,3,1,0.55,0.55,0.55
panda_spawn_egg	0,0,0,0,3,1,0.55,0.55,0.55,0,0,0,0,3,1,0.55,0.55,0.55
parrot_spawn_egg	0,0,0,0,3,1,0.55,0.55,0.55,0,0,0,0,3,1,0.55,0.55,0.55
phantom_spawn_egg	0,0,0,0,3,1,0.55,0.55,0.55,0,0,0,0,3,1,0.55,0.55,0.55
pig_spawn_egg	0,0,0,0,3,1,0.55,0.55,0.55,0,0,0,0,3,1,0.55,0.55,0.55
piglin_spawn_egg	0,0,0,0,3,1,0.55,0.55,0.55,0,0,0,0,3,1,0.55,0.55,0.55
piglin_brute_spawn_egg	0,0,0,0,3,1,0.55,0.55,0.55,0,0,0,0,3,1,0.55,0.55,0.55
pillager_spawn_egg	0,0,0,0,3,1,0.55,0.55,0.55,0,0,0,0,3,1,0.55,0.55,0.55
polar_bear_spawn_egg	0,0,0,0,3,1,0.55,0.55,0.55,0,0,0,0,3,1,0.55,0.55,0.55
pufferfish_spawn_egg	0,0,0,0,3,1,0.55,0.55,0.55,0,0,0,0,3,1,0.55,0.55,0.55
rabbit_spawn_egg	0,0,0,0,3,1,0.55,0.55,0.55,0,0,0,0,3,1,0.55,0.55,0.55
ravager_spawn_egg	0,0,0,0,3,1,0.55,0.55,0.55,0,0,0,0,3,1,0.55,0.55,0.55
salmon_spawn_egg	0,0,0,0,3,1,0.55,0.55,0.55,0,0,0,0,3,1,0.55,0.55,0.55
sheep_spawn_egg	0,0,0,0,3,1,0.55,0.55,0.55,0,0,0,0,3,1,0.55,0.55,0.55
shulker_spawn_egg	0,0,0,0,3,1,0.55,0.55,0.55,0,0,0,0,3,1,0.55,0.55,0.55
silverfish_spawn_egg	0,0,0,0,3,1,0.55,0.55,0.55,0,0,0,0,3,1,0.55,0.55,0.55
skeleton_spawn_egg	0,0,0,0,3,1,0.55,0.55,0.55,0,0,0,0,3,1,0.55,0.55,0.55
skeleton_horse_spawn_egg	0,0,0,0,3,1,0.55,0.55,0.55,0,0,0,0,3,1,0.55,0.55,0.55
slime_spawn_egg	0,0,0,0,3,1,0.55,0.55,0.55,0,0,0,0,3,1,0.55,0.55,0.55
sniffer_spawn_egg	0,0,0,0,3,1,0.55,0.55,0.55,0,0,0,0,3,1,0.55,0.55,0.55
snow_golem_spawn_egg	0,0,0,0,3,1,0.55,0.55,0.55,0,0,0,0,3,1,0.55,0.55,0.55
spider_spawn_egg	0,0,0,0,3,1,0.55,0.55,0.55,0,0,0,0,3,1,0.55,0.55,0.55
squid_spawn_egg	0,0,0,0,3,1,0.55,0.55,0.55,0,0,0,0,3,1,0.55,0.55,0.55
stray_spawn_egg	0,0,0,0,3,1,0.55,0.55,0.55,0,0,0,0,3,1,0.55,0.55,0.55
strider_spawn_egg	0,0,0,0,3,1,0.55,0.55,0.55,0,0,0,0,3,1,0.55,0.55,0.55
tadpole_spawn_egg	0,0,0,0,3,1,0.55,0.55,0.55,0,0,0,0,3,1,0.55,0.55,0.55
trader_llama_spawn_egg	0,0,0,0,3,1,0.55,0.55,0.55,0,0,0,0,3,1,0.55,0.55,0.55
tropical_fish_spawn_egg	0,0,0,0,3,1,0.55,0.55,0.55,0,0,0,0,3,1,0.55,0.55,0.55
turtle_spawn_egg	0,0,0,0,3,1,0.55,0.55,0.55,0,0,0,0,3,1,0.55,0.55,0.55
vex_spawn_egg	0,0,0,0,3,1,0.55,0.55,0.55,0,0,0,0,3,1,0.55,0.55,0.55
villager_spawn_egg	0,0,0,0,3,1,0.55,0.55,0.55,0,0,0,0,3,1,0.55,0.55,0.55
vindicator_spawn_egg	0,0,0,0,3,1,0.55,0.55,0.55,0,0,0,0,3,1,0.55,0.55,0.55
wandering_trader_spawn_egg	0,0,0,0,3,1,0.55,0.55,0.55,0,0,0,0,3,1,0.55,0.55,0.55
warden_spawn_egg	0,0,0,0,3,1,0.55,0.55,0.55,0,0,0,0,3,1,0.55,0.55,0.55
witch_spawn_egg	0,0,0,0,3,1,0.55,0.55,0.55,0,0,0,0,3,1,0.55,0.55,0.55
wither_spawn_egg	0,0,0,0,3,1,0.55,0.55,0.55,0,0,0,0,3,1,0.55,0.55,0.55
wither_skeleton_spawn_egg	0,0,0,0,3,1,0.55,0.55,0.55,0,0,0,0,3,1,0.55,0.55,0.55
wolf_spawn_egg	0,0,0,0,3,1,0.55,0.55,0.55,0,0,0,0,3,1,0.55,0.55,0.55
zoglin_spawn_egg	0,0,0,0,3,1,0.55,0.55,0.55,0,0,0,0,3,1,0.55,0.55,0.55
zombie_spawn_egg	0,0,0,0,3,1,0.55,0.55,0.55,0,0,0,0,3,1,0.55,0.55,0.55
zombie_horse_spawn_egg	0,0,0,0,3,1,0.55,0.55,0.55,0,0,0,0,3,1,0.55,0.55,0.55
zombie_villager_spawn_egg	0,0,0,0,3,1,0.55,0.55,0.55,0,0,0,0,3,1,0.55,0.55,0.55
zombified_piglin_spawn_egg	0,0,0,0,3,1,0.55,0.55,0.55,0,0,0,0,3,1,0.55,0.55,0.55
experience_bottle	0,0,0,0,3,1,0.55,0.55,0.55,0,0,0,0,3,1,0.55,0.55,0.55
fire_charge	0,0,0,0,3,1,0.55,0.55,0.55,0,0,0,0,3,1,0.55,0.55,0.55
writable_book	0,0,0,0,3,1,0.55,0.55,0.55,0,0,0,0,3,1,0.55,0.55,0.55
written_book	0,0,0,0,3,1,0.55,0.55,0.55,0,0,0,0,3,1,0.55,0.55,0.55
item_frame	0,0,0,0,3,1,0.55,0.55,0.55,0,0,0,0,3,1,0.55,0.55,0.55
glow_item_frame	0,0,0,0,3,1,0.55,0.55,0.55,0,0,0,0,3,1,0.55,0.55,0.55
flower_pot	0,0,0,0,3,1,0.55,0.55,0.55,0,0,0,0,3,1,0.55,0.55,0.55
carrot	0,0,0,0,3,1,0.55,0.55,0.55,0,0,0,0,3,1,0.55,0.55,0.55
potato	0,0,0,0,3,1,0.55,0.55,0.55,0,0,0,0,3,1,0.55,0.55,0.55
baked_potato	0,0,0,0,3,1,0.55,0.55,0.55,0,0,0,0,3,1,0.55,0.55,0.55
poisonous_potato	0,0,0,0,3,1,0.55,0.55,0.55,0,0,0,0,3,1,0.55,0.55,0.55
map	0,0,0,0,3,1,0.55,0.55,0.55,0,0,0,0,3,1,0.55,0.55,0.55
golden_carrot	0,0,0,0,3,1,0.55,0.55,0.55,0,0,0,0,3,1,0.55,0.55,0.55
skeleton_skull	45,45,0,0,3,0,0.5,0.5,0.5,45,45,0,0,3,0,0.5,0.5,0.5
wither_skeleton_skull	45,45,0,0,3,0,0.5,0.5,0.5,45,45,0,0,3,0,0.5,0.5,0.5
player_head	45,45,0,0,3,0,0.5,0.5,0.5,45,45,0,0,3,0,0.5,0.5,0.5
zombie_head	45,45,0,0,3,0,0.5,0.5,0.5,45,45,0,0,3,0,0.5,0.5,0.5
creeper_head	45,45,0,0,3,0,0.5,0.5,0.5,45,45,0,0,3,0,0.5,0.5,0.5
dragon_head	0,180,0,0,-1,2,0.5,0.5,0.5,0,180,0,0,-1,2,0.5,0.5,0.5
piglin_head	45,45,0,0,3,0,0.5,0.5,0.5,45,45,0,0,3,0,0.5,0.5,0.5
nether_star	0,0,0,0,3,1,0.55,0.55,0.55,0,0,0,0,3,1,0.55,0.55,0.55
pumpkin_pie	0,0,0,0,3,1,0.55,0.55,0.55,0,0,0,0,3,1,0.55,0.55,0.55
firework_rocket	0,0,0,0,3,1,0.55,0.55,0.55,0,0,0,0,3,1,0.55,0.55,0.55
firework_star	0,0,0,0,3,1,0.55,0.55,0.55,0,0,0,0,3,1,0.55,0.55,0.55
enchanted_book	0,0,0,0,3,1,0.55,0.55,0.55,0,0,0,0,3,1,0.55,0.55,0.55
nether_brick	0,0,0,0,3,1,0.55,0.55,0.55,0,0,0,0,3,1,0.55,0.55,0.55
prismarine_shard	0,0,0,0,3,1,0.55,0.55,0.55,0,0,0,0,3,1,0.55,0.55,0.55
prismarine_crystals	0,0,0,0,3,1,0.55,0.55,0.55,0,0,0,0,3,1,0.55,0.55,0.55
rabbit	0,0,0,0,3,1,0.55,0.55,0.55,0,0,0,0,3,1,0.55,0.55,0.55
cooked_rabbit	0,0,0,0,3,1,0.55,0.55,0.55,0,0,0,0,3,1,0.55,0.55,0.55
rabbit_stew	0,0,0,0,3,1,0.55,0.55,0.55,0,0,0,0,3,1,0.55,0.55,0.55
rabbit_foot	0,0,0,0,3,1,0.55,0.55,0.55,0,0,0,0,3,1,0.55,0.55,0.55
rabbit_hide	0,0,0,0,3,1,0.55,0.55,0.55,0,0,0,0,3,1,0.55,0.55,0.55
armor_stand	0,0,0,0,3,1,0.55,0.55,0.55,0,0,0,0,3,1,0.55,0.55,0.55
iron_horse_armor	0,0,0,0,3,1,0.55,0.55,0.55,0,0,0,0,3,1,0.55,0.55,0.55
golden_horse_armor	0,0,0,0,3,1,0.55,0.55,0.55,0,0,0,0,3,1,0.55,0.55,0.55
diamond_horse_armor	0,0,0,0,3,1,0.55,0.55,0.55,0,0,0,0,3,1,0.55,0.55,0.55
leather_horse_armor	0,0,0,0,3,1,0.55,0.55,0.55,0,0,0,0,3,1,0.55,0.55,0.55
lead	0,0,0,0,3,1,0.55,0.55,0.55,0,0,0,0,3,1,0.55,0.55,0.55
name_tag	0,0,0,0,3,1,0.55,0.55,0.55,0,0,0,0,3,1,0.55,0.55,0.55
command_block_minecart	0,0,0,0,3,1,0.55,0.55,0.55,0,0,0,0,3,1,0.55,0.55,0.55
mutton	0,0,0,0,3,1,0.55,0.55,0.55,0,0,0,0,3,1,0.55,0.55,0.55
cooked_mutton	0,0,0,0,3,1,0.55,0.55,0.55,0,0,0,0,3,1,0.55,0.55,0.55
white_banner	0,90,0,0,2,0.5,0.375,0.375,0.375,0,90,0,0,2,0.5,0.375,0.375,0.375
orange_banner	0,90,0,0,2,0.5,0.375,0.375,0.375,0,90,0,0,2,0.5,0.375,0.375,0.375
magenta_banner	0,90,0,0,2,0.5,0.375,0.375,0.375,0,90,0,0,2,0.5,0.375,0.375,0.375
light_blue_banner	0,90,0,0,2,0.5,0.375,0.375,0.375,0,90,0,0,2,0.5,0.375,0.375,0.375
yellow_banner	0,90,0,0,2,0.5,0.375,0.375,0.375,0,90,0,0,2,0.5,0.375,0.375,0.375
lime_banner	0,90,0,0,2,0.5,0.375,0.375,0.375,0,90,0,0,2,0.5,0.375,0.375,0.375
pink_banner	0,90,0,0,2,0.5,0.375,0.375,0.375,0,90,0,0,2,0.5,0.375,0.375,0.375
gray_banner	0,90,0,0,2,0.5,0.375,0.375,0.375,0,90,0,0,2,0.5,0.375,0.375,0.375
light_gray_banner	0,90,0,0,2,0.5,0.375,0.375,0.375,0,90,0,0,2,0.5,0.375,0.375,0.375
cyan_banner	0,90,0,0,2,0.5,0.375,0.375,0.375,0,90,0,0,2,0.5,0.375,0.375,0.375
purple_banner	0,90,0,0,2,0.5,0.375,0.375,0.375,0,90,0,0,2,0.5,0.375,0.375,0.375
blue_banner	0,90,0,0,2,0.5,0.375,0.375,0.375,0,90,0,0,2,0.5,0.375,0.375,0.375
brown_banner	0,90,0,0,2,0.5,0.375,0.375,0.375,0,90,0,0,2,0.5,0.375,0.375,0.375
green_banner	0,90,0,0,2,0.5,0.375,0.375,0.375,0,90,0,0,2,0.5,0.375,0.375,0.375
red_banner	0,90,0,0,2,0.5,0.375,0.375,0.375,0,90,0,0,2,0.5,0.375,0.375,0.375
black_banner	0,90,0,0,2,0.5,0.375,0.375,0.375,0,90,0,0,2,0.5,0.375,0.375,0.375
end_crystal	0,0,0,0,3,1,0.55,0.55,0.55,0,0,0,0,3,1,0.55,0.55,0.55
chorus_fruit	0,0,0,0,3,1,0.55,0.55,0.55,0,0,0,0,3,1,0.55,0.55,0.55
popped_chorus_fruit	0,0,0,0,3,1,0.55,0.55,0.55,0,0,0,0,3,1,0.55,0.55,0.55
torchflower_seeds	0,0,0,0,3,1,0.55,0.55,0.55,0,0,0,0,3,1,0.55,0.55,0.55
pitcher_pod	0,0,0,0,3,1,0.55,0.55,0.55,0,0,0,0,3,1,0.55,0.55,0.55
beetroot	0,0,0,0,3,1,0.55,0.55,0.55,0,0,0,0,3,1,0.55,0.55,0.55
beetroot_seeds	0,0,0,0,3,1,0.55,0.55,0.55,0,0,0,0,3,1,0.55,0.55,0.55
beetroot_soup	0,0,0,0,3,1,0.55,0.55,0.55,0,0,0,0,3,1,0.55,0.55,0.55
dragon_breath	0,0,0,0,3,1,0.55,0.55,0.55,0,0,0,0,3,1,0.55,0.55,0.55
splash_potion	0,0,0,0,3,1,0.55,0.55,0.55,0,0,0,0,3,1,0.55,0.55,0.55
spectral_arrow	0,0,0,0,3,1,0.55,0.55,0.55,0,0,0,0,3,1,0.55,0.55,0.55
tipped_arrow	0,0,0,0,3,1,0.55,0.55,0.55,0,0,0,0,3,1,0.55,0.55,0.55
lingering_potion	0,0,0,0,3,1,0.55,0.55,0.55,0,0,0,0,3,1,0.55,0.55,0.55
shield	0,90,0,10,6,-4,1,1,1,0,90,0,10,6,12,1,1,1
totem_of_undying	0,0,0,0,3,1,0.55,0.55,0.55,0,0,0,0,3,1,0.55,0.55,0.55
shulker_shell	0,0,0,0,3,1,0.55,0.55,0.55,0,0,0,0,3,1,0.55,0.55,0.55
iron_nugget	0,0,0,0,3,1,0.55,0.55,0.55,0,0,0,0,3,1,0.55,0.55,0.55
knowledge_book	0,0,0,0,3,1,0.55,0.55,0.55,0,0,0,0,3,1,0.55,0.55,0.55
debug_stick	0,-90,55,0,4.0,0.5,0.85,0.85,0.85,0,90,-55,0,4.0,0.5,0.85,0.85,0.85
music_disc_13	0,0,0,0,3,1,0.55,0.55,0.55,0,0,0,0,3,1,0.55,0.55,0.55
music_disc_cat	0,0,0,0,3,1,0.55,0.55,0.55,0,0,0,0,3,1,0.55,0.55,0.55
music_disc_blocks	0,0,0,0,3,1,0.55,0.55,0.55,0,0,0,0,3,1,0.55,0.55,0.55
music_disc_chirp	0,0,0,0,3,1,0.55,0.55,0.55,0,0,0,0,3,1,0.55,0.55,0.55
music_disc_far	0,0,0,0,3,1,0.55,0.55,0.55,0,0,0,0,3,1,0.55,0.55,0.55
music_disc_mall	0,0,0,0,3,1,0.55,0.55,0.55,0,0,0,0,3,1,0.55,0.55,0.55
music_disc_mellohi	0,0,0,0,3,1,0.55,0.55,0.55,0,0,0,0,3,1,0.55,0.55,0.55
music_disc_stal	0,0,0,0,3,1,0.55,0.55,0.55,0,0,0,0,3,1,0.55,0.55,0.55
music_disc_strad	0,0,0,0,3,1,0.55,0.55,0.55,0,0,0,0,3,1,0.55,0.55,0.55
music_disc_ward	0,0,0,0,3,1,0.55,0.55,0.55,0,0,0,0,3,1,0.55,0.55,0.55
music_disc_11	0,0,0,0,3,1,0.55,0.55,0.55,0,0,0,0,3,1,0.55,0.55,0.55
music_disc_wait	0,0,0,0,3,1,0.55,0.55,0.55,0,0,0,0,3,1,0.55,0.55,0.55
music_disc_otherside	0,0,0,0,3,1,0.55,0.55,0.55,0,0,0,0,3,1,0.55,0.55,0.55
music_disc_relic	0,0,0,0,3,1,0.55,0.55,0.55,0,0,0,0,3,1,0.55,0.55,0.55
music_disc_5	0,0,0,0,3,1,0.55,0.55,0.55,0,0,0,0,3,1,0.55,0.55,0.55
music_disc_pigstep	0,0,0,0,3,1,0.55,0.55,0.55,0,0,0,0,3,1,0.55,0.55,0.55
disc_fragment_5	0,0,0,0,3,1,0.55,0.55,0.55,0,0,0,0,3,1,0.55,0.55,0.55
trident	0,0,0,0,3,1,0.55,0.55,0.55,0,0,0,0,3,1,0.55,0.55,0.55
phantom_membrane	0,0,0,0,3,1,0.55,0.55,0.55,0,0,0,0,3,1,0.55,0.55,0.55
nautilus_shell	0,0,0,0,3,1,0.55,0.55,0.55,0,0,0,0,3,1,0.55,0.55,0.55
heart_of_the_sea	0,0,0,0,3,1,0.55,0.55,0.55,0,0,0,0,3,1,0.55,0.55,0.55
crossbow	-90,0,-60,2,0.1,-3,0.9,0.9,0.9,-90,0,30,2,0.1,-3,0.9,0.9,0.9
suspicious_stew	0,0,0,0,3,1,0.55,0.55,0.55,0,0,0,0,3,1,0.55,0.55,0.55
loom	75,45,0,0,2.5,0,0.375,0.375,0.375,75,45,0,0,2.5,0,0.375,0.375,0.375
flower_banner_pattern	0,0,0,0,3,1,0.55,0.55,0.55,0,0,0,0,3,1,0.55,0.55,0.55
creeper_banner_pattern	0,0,0,0,3,1,0.55,0.55,0.55,0,0,0,0,3,1,0.55,0.55,0.55
skull_banner_pattern	0,0,0,0,3,1,0.55,0.55,0.55,0,0,0,0,3,1,0.55,0.55,0.55
mojang_banner_pattern	0,0,0,0,3,1,0.55,0.55,0.55,0,0,0,0,3,1,0.55,0.55,0.55
globe_banner_pattern	0,0,0,0,3,1,0.55,0.55,0.55,0,0,0,0,3,1,0.55,0.55,0.55
piglin_banner_pattern	0,0,0,0,3,1,0.55,0.55,0.55,0,0,0,0,3,1,0.55,0.55,0.55
goat_horn	0,180,0,0,3,1,0.55,0.55,0.55,0,0,0,0,3,1,0.55,0.55,0.55
composter	75,45,0,0,2.5,0,0.375,0.375,0.375,75,45,0,0,2.5,0,0.375,0.375,0.375
barrel	75,45,0,0,2.5,0,0.375,0.375,0.375,75,45,0,0,2.5,0,0.375,0.375,0.375
smoker	75,45,0,0,2.5,0,0.375,0.375,0.375,75,45,0,0,2.5,0,0.375,0.375,0.375
blast_furnace	75,45,0,0,2.5,0,0.375,0.375,0.375,75,45,0,0,2.5,0,0.375,0.375,0.375
cartography_table	75,45,0,0,2.5,0,0.375,0.375,0.375,75,45,0,0,2.5,0,0.375,0.375,0.375
fletching_table	75,45,0,0,2.5,0,0.375,0.375,0.375,75,45,0,0,2.5,0,0.375,0.375,0.375
grindstone	75,45,0,0,2.5,0,0.375,0.375,0.375,75,45,0,0,2.5,0,0.375,0.375,0.375
smithing_table	75,45,0,0,2.5,0,0.375,0.375,0.375,75,45,0,0,2.5,0,0.375,0.375,0.375
stonecutter	75,45,0,0,2.5,0,0.375,0.375,0.375,75,45,0,0,2.5,0,0.375,0.375,0.375
bell	0,0,0,0,3,1,0.55,0.55,0.55,0,0,0,0,3,1,0.55,0.55,0.55
lantern	0,0,0,0,3,1,0.55,0.55,0.55,0,0,0,0,3,1,0.55,0.55,0.55
soul_lantern	0,0,0,0,3,1,0.55,0.55,0.55,0,0,0,0,3,1,0.55,0.55,0.55
sweet_berries	0,0,0,0,3,1,0.55,0.55,0.55,0,0,0,0,3,1,0.55,0.55,0.55
glow_berries	0,0,0,0,3,1,0.55,0.55,0.55,0,0,0,0,3,1,0.55,0.55,0.55
campfire	0,0,0,0,3,1,0.55,0.55,0.55,0,0,0,0,3,1,0.55,0.55,0.55
soul_campfire	0,0,0,0,3,1,0.55,0.55,0.55,0,0,0,0,3,1,0.55,0.55,0.55
shroomlight	75,45,0,0,2.5,0,0.375,0.375,0.375,75,45,0,0,2.5,0,0.375,0.375,0.375
honeycomb	0,0,0,0,3,1,0.55,0.55,0.55,0,0,0,0,3,1,0.55,0.55,0.55
bee_nest	75,45,0,0,2.5,0,0.375,0.375,0.375,75,45,0,0,2.5,0,0.375,0.375,0.375
beehive	75,45,0,0,2.5,0,0.375,0.375,0.375,75,45,0,0,2.5,0,0.375,0.375,0.375
honey_bottle	0,0,0,0,3,1,0.55,0.55,0.55,0,0,0,0,3,1,0.55,0.55,0.55
honeycomb_block	75,45,0,0,2.5,0,0.375,0.375,0.375,75,45,0,0,2.5,0,0.375,0.375,0.375
lodestone	75,45,0,0,2.5,0,0.375,0.375,0.375,75,45,0,0,2.5,0,0.375,0.375,0.375
crying_obsidian	75,45,0,0,2.5,0,0.375,0.375,0.375,75,45,0,0,2.5,0,0.375,0.375,0.375
blackstone	75,45,0,0,2.5,0,0.375,0.375,0.375,75,45,0,0,2.5,0,0.375,0.375,0.375
blackstone_slab	75,45,0,0,2.5,0,0.375,0.375,0.375,75,45,0,0,2.5,0,0.375,0.375,0.375
blackstone_stairs	75,45,0,0,2.5,0,0.375,0.375,0.375,75,-135,0,0,2.5,0,0.375,0.375,0.375
gilded_blackstone	75,45,0,0,2.5,0,0.375,0.375,0.375,75,45,0,0,2.5,0,0.375,0.375,0.375
polished_blackstone	75,45,0,0,2.5,0,0.375,0.375,0.375,75,45,0,0,2.5,0,0.375,0.375,0.375
polished_blackstone_slab	75,45,0,0,2.5,0,0.375,0.375,0.375,75,45,0,0,2.5,0,0.375,0.375,0.375
polished_blackstone_stairs	75,45,0,0,2.5,0,0.375,0.375,0.375,75,-135,0,0,2.5,0,0.375,0.375,0.375
chiseled_polished_blackstone	75,45,0,0,2.5,0,0.375,0.375,0.375,75,45,0,0,2.5,0,0.375,0.375,0.375
polished_blackstone_bricks	75,45,0,0,2.5,0,0.375,0.375,0.375,75,45,0,0,2.5,0,0.375,0.375,0.375
polished_blackstone_brick_slab	75,45,0,0,2.5,0,0.375,0.375,0.375,75,45,0,0,2.5,0,0.375,0.375,0.375
polished_blackstone_brick_stairs	75,45,0,0,2.5,0,0.375,0.375,0.375,75,-135,0,0,2.5,0,0.375,0.375,0.375
cracked_polished_blackstone_bricks	75,45,0,0,2.5,0,0.375,0.375,0.375,75,45,0,0,2.5,0,0.375,0.375,0.375
respawn_anchor	75,45,0,0,2.5,0,0.375,0.375,0.375,75,45,0,0,2.5,0,0.375,0.375,0.375
candle	0,0,0,0,3,1,0.55,0.55,0.55,0,0,0,0,3,1,0.55,0.55,0.55
white_candle	0,0,0,0,3,1,0.55,0.55,0.55,0,0,0,0,3,1,0.55,0.55,0.55
orange_candle	0,0,0,0,3,1,0.55,0.55,0.55,0,0,0,0,3,1,0.55,0.55,0.55
magenta_candle	0,0,0,0,3,1,0.55,0.55,0.55,0,0,0,0,3,1,0.55,0.55,0.55
light_blue_candle	0,0,0,0,3,1,0.55,0.55,0.55,0,0,0,0,3,1,0.55,0.55,0.55
yellow_candle	0,0,0,0,3,1,0.55,0.55,0.55,0,0,0,0,3,1,0.55,0.55,0.55
lime_candle	0,0,0,0,3,1,0.55,0.55,0.55,0,0,0,0,3,1,0.55,0.55,0.55
pink_candle	0,0,0,0,3,1,0.55,0.55,0.55,0,0,0,0,3,1,0.55,0.55,0.55
gray_candle	0,0,0,0,3,1,0.55,0.55,0.55,0,0,0,0,3,1,0.55,0.55,0.55
light_gray_candle	0,0,0,0,3,1,0.55,0.55,0.55,0,0,0,0,3,1,0.55,0.55,0.55
cyan_candle	0,0,0,0,3,1,0.55,0.55,0.55,0,0,0,0,3,1,0.55,0.55,0.55
purple_candle	0,0,0,0,3,1,0.55,0.55,0.55,0,0,0,0,3,1,0.55,0.55,0.55
blue_candle	0,0,0,0,3,1,0.55,0.55,0.55,0,0,0,0,3,1,0.55,0.55,0.55
brown_candle	0,0,0,0,3,1,0.55,0.55,0.55,0,0,0,0,3,1,0.55,0.55,0.55
green_candle	0,0,0,0,3,1,0.55,0.55,0.55,0,0,0,0,3,1,0.55,0.55,0.55
red_candle	0,0,0,0,3,1,0.55,0.55,0.55,0,0,0,0,3,1,0.55,0.55,0.55
black_candle	0,0,0,0,3,1,0.55,0.55,0.55,0,0,0,0,3,1,0.55,0.55,0.55
small_amethyst_bud	0,0,0,0,4,1,0.55,0.55,0.55,0,0,0,0,4,1,0.55,0.55,0.55
medium_amethyst_bud	0,0,0,0,4,1,0.55,0.55,0.55,0,0,0,0,4,1,0.55,0.55,0.55
large_amethyst_bud	0,0,0,0,4,1,0.55,0.55,0.55,0,0,0,0,4,1,0.55,0.55,0.55
amethyst_cluster	0,0,0,0,3,1,0.55,0.55,0.55,0,0,0,0,3,1,0.55,0.55,0.55
pointed_dripstone	0,100,0,-1,-1,0,0.9,0.9,0.9,0,100,0,-1,-1,0,0.9,0.9,0.9
ochre_froglight	75,45,0,0,2.5,0,0.375,0.375,0.375,75,45,0,0,2.5,0,0.375,0.375,0.375
verdant_froglight	75,45,0,0,2.5,0,0.375,0.375,0.375,75,45,0,0,2.5,0,0.375,0.375,0.375
pearlescent_froglight	75,45,0,0,2.5,0,0.375,0.375,0.375,75,45,0,0,2.5,0,0.375,0.375,0.375
frogspawn	0,0,0,0,3,1,0.55,0.55,0.55,0,0,0,0,3,1,0.55,0.55,0.55
echo_shard	0,0,0,0,3,1,0.55,0.55,0.55,0,0,0,0,3,1,0.55,0.55,0.55
brush	0,0,45,0,4,0,0.9,0.9,0.9,0,0,-45,0,4,0,0.9,0.9,0.9
netherite_upgrade_smithing_template	0,0,0,0,3,1,0.55,0.55,0.55,0,0,0,0,3,1,0.55,0.55,0.55
sentry_armor_trim_smithing_template	0,0,0,0,3,1,0.55,0.55,0.55,0,0,0,0,3,1,0.55,0.55,0.55
dune_armor_trim_smithing_template	0,0,0,0,3,1,0.55,0.55,0.55,0,0,0,0,3,1,0.55,0.55,0.55
coast_armor_trim_smithing_template	0,0,0,0,3,1,0.55,0.55,0.55,0,0,0,0,3,1,0.55,0.55,0.55
wild_armor_trim_smithing_template	0,0,0,0,3,1,0.55,0.55,0.55,0,0,0,0,3,1,0.55,0.55,0.55
ward_armor_trim_smithing_template	0,0,0,0,3,1,0.55,0.55,0.55,0,0,0,0,3,1,0.55,0.55,0.55
eye_armor_trim_smithing_template	0,0,0,0,3,1,0.55,0.55,0.55,0,0,0,0,3,1,0.55,0.55,0.55
vex_armor_trim_smithing_template	0,0,0,0,3,1,0.55,0.55,0.55,0,0,0,0,3,1,0.55,0.55,0.55
tide_armor_trim_smithing_template	0,0,0,0,3,1,0.55,0.55,0.55,0,0,0,0,3,1,0.55,0.55,0.55
snout_armor_trim_smithing_template	0,0,0,0,3,1,0.55,0.55,0.55,0,0,0,0,3,1,0.55,0.55,0.55
rib_armor_trim_smithing_template	0,0,0,0,3,1,0.55,0.55,0.55,0,0,0,0,3,1,0.55,0.55,0.55
spire_armor_trim_smithing_template	0,0,0,0,3,1,0.55,0.55,0.55,0,0,0,0,3,1,0.55,0.55,0.55
wayfinder_armor_trim_smithing_template	0,0,0,0,3,1,0.55,0.55,0.55,0,0,0,0,3,1,0.55,0.55,0.55
shaper_armor_trim_smithing_template	0,0,0,0,3,1,0.55,0.55,0.55,0,0,0,0,3,1,0.55,0.55,0.55
silence_armor_trim_smithing_template	0,0,0,0,3,1,0.55,0.55,0.55,0,0,0,0,3,1,0.55,0.55,0.55
raiser_armor_trim_smithing_template	0,0,0,0,3,1,0.55,0.55,0.55,0,0,0,0,3,1,0.55,0.55,0.55
host_armor_trim_smithing_template	0,0,0,0,3,1,0.55,0.55,0.55,0,0,0,0,3,1,0.55,0.55,0.55
angler_pottery_sherd	0,0,0,0,3,1,0.55,0.55,0.55,0,0,0,0,3,1,0.55,0.55,0.55
archer_pottery_sherd	0,0,0,0,3,1,0.55,0.55,0.55,0,0,0,0,3,1,0.55,0.55,0.55
arms_up_pottery_sherd	0,0,0,0,3,1,0.55,0.55,0.55,0,0,0,0,3,1,0.55,0.55,0.55
blade_pottery_sherd	0,0,0,0,3,1,0.55,0.55,0.55,0,0,0,0,3,1,0.55,0.55,0.55
brewer_pottery_sherd	0,0,0,0,3,1,0.55,0.55,0.55,0,0,0,0,3,1,0.55,0.55,0.55
burn_pottery_sherd	0,0,0,0,3,1,0.55,0.55,0.55,0,0,0,0,3,1,0.55,0.55,0.55
danger_pottery_sherd	0,0,0,0,3,1,0.55,0.55,0.55,0,0,0,0,3,1,0.55,0.55,0.55
explorer_pottery_sherd	0,0,0,0,3,1,0.55,0.55,0.55,0,0,0,0,3,1,0.55,0.55,0.55
friend_pottery_sherd	0,0,0,0,3,1,0.55,0.55,0.55,0,0,0,0,3,1,0.55,0.55,0.55
heart_pottery_sherd	0,0,0,0,3,1,0.55,0.55,0.55,0,0,0,0,3,1,0.55,0.55,0.55
heartbreak_pottery_sherd	0,0,0,0,3,1,0.55,0.55,0.55,0,0,0,0,3,1,0.55,0.55,0.55
howl_pottery_sherd	0,0,0,0,3,1,0.55,0.55,0.55,0,0,0,0,3,1,0.55,0.55,0.55
miner_pottery_sherd	0,0,0,0,3,1,0.55,0.55,0.55,0,0,0,0,3,1,0.55,0.55,0.55
mourner_pottery_sherd	0,0,0,0,3,1,0.55,0.55,0.55,0,0,0,0,3,1,0.55,0.55,0.55
plenty_pottery_sherd	0,0,0,0,3,1,0.55,0.55,0.55,0,0,0,0,3,1,0.55,0.55,0.55
prize_pottery_sherd	0,0,0,0,3,1,0.55,0.55,0.55,0,0,0,0,3,1,0.55,0.55,0.55
sheaf_pottery_sherd	0,0,0,0,3,1,0.55,0.55,0.55,0,0,0,0,3,1,0.55,0.55,0.55
shelter_pottery_sherd	0,0,0,0,3,1,0.55,0.55,0.55,0,0,0,0,3,1,0.55,0.55,0.55
skull_pottery_sherd	0,0,0,0,3,1,0.55,0.55,0.55,0,0,0,0,3,1,0.55,0.55,0.55
snort_pottery_sherd	0,0,0,0,3,1,0.55,0.55,0.55,0,0,0,0,3,1,0.55,0.55,0.55
