# Original generated item model layers; rotation xyz, translation xyz, scale xyz.
acacia_boat	item/acacia_boat	0,-90,25,1.13,3.2,1.13,0.68,0.68,0.68
acacia_chest_boat	item/acacia_chest_boat	0,-90,25,1.13,3.2,1.13,0.68,0.68,0.68
acacia_door	item/acacia_door	0,-90,25,1.13,3.2,1.13,0.68,0.68,0.68
acacia_hanging_sign	item/acacia_hanging_sign	0,-90,25,1.13,3.2,1.13,0.68,0.68,0.68
acacia_sapling	block/acacia_sapling	0,-90,25,1.13,3.2,1.13,0.68,0.68,0.68
acacia_sign	item/acacia_sign	0,-90,25,1.13,3.2,1.13,0.68,0.68,0.68
activator_rail	block/activator_rail	0,-90,25,1.13,3.2,1.13,0.68,0.68,0.68
allay_spawn_egg	item/spawn_egg,item/spawn_egg_overlay	0,-90,25,1.13,3.2,1.13,0.68,0.68,0.68
allium	block/allium	0,-90,25,1.13,3.2,1.13,0.68,0.68,0.68
amethyst_cluster	block/amethyst_cluster	0,-90,25,1.13,3.2,1.13,0.68,0.68,0.68
amethyst_shard	item/amethyst_shard	0,-90,25,1.13,3.2,1.13,0.68,0.68,0.68
angler_pottery_sherd	item/angler_pottery_sherd	0,-90,25,1.13,3.2,1.13,0.68,0.68,0.68
apple	item/apple	0,-90,25,1.13,3.2,1.13,0.68,0.68,0.68
archer_pottery_sherd	item/archer_pottery_sherd	0,-90,25,1.13,3.2,1.13,0.68,0.68,0.68
armor_stand	item/armor_stand	0,-90,25,1.13,3.2,1.13,0.68,0.68,0.68
arms_up_pottery_sherd	item/arms_up_pottery_sherd	0,-90,25,1.13,3.2,1.13,0.68,0.68,0.68
arrow	item/arrow	0,-90,25,1.13,3.2,1.13,0.68,0.68,0.68
axolotl_bucket	item/axolotl_bucket	0,-90,25,1.13,3.2,1.13,0.68,0.68,0.68
axolotl_spawn_egg	item/spawn_egg,item/spawn_egg_overlay	0,-90,25,1.13,3.2,1.13,0.68,0.68,0.68
azure_bluet	block/azure_bluet	0,-90,25,1.13,3.2,1.13,0.68,0.68,0.68
baked_potato	item/baked_potato	0,-90,25,1.13,3.2,1.13,0.68,0.68,0.68
bamboo	item/bamboo	0,-90,25,1.13,3.2,1.13,0.68,0.68,0.68
bamboo_chest_raft	item/bamboo_chest_raft	0,-90,25,1.13,3.2,1.13,0.68,0.68,0.68
bamboo_door	item/bamboo_door	0,-90,25,1.13,3.2,1.13,0.68,0.68,0.68
bamboo_hanging_sign	item/bamboo_hanging_sign	0,-90,25,1.13,3.2,1.13,0.68,0.68,0.68
bamboo_raft	item/bamboo_raft	0,-90,25,1.13,3.2,1.13,0.68,0.68,0.68
bamboo_sign	item/bamboo_sign	0,-90,25,1.13,3.2,1.13,0.68,0.68,0.68
barrier	item/barrier	0,-90,25,1.13,3.2,1.13,0.68,0.68,0.68
bat_spawn_egg	item/spawn_egg,item/spawn_egg_overlay	0,-90,25,1.13,3.2,1.13,0.68,0.68,0.68
bee_spawn_egg	item/spawn_egg,item/spawn_egg_overlay	0,-90,25,1.13,3.2,1.13,0.68,0.68,0.68
beef	item/beef	0,-90,25,1.13,3.2,1.13,0.68,0.68,0.68
beetroot	item/beetroot	0,-90,25,1.13,3.2,1.13,0.68,0.68,0.68
beetroot_seeds	item/beetroot_seeds	0,-90,25,1.13,3.2,1.13,0.68,0.68,0.68
beetroot_soup	item/beetroot_soup	0,-90,25,1.13,3.2,1.13,0.68,0.68,0.68
bell	item/bell	0,-90,25,1.13,3.2,1.13,0.68,0.68,0.68
birch_boat	item/birch_boat	0,-90,25,1.13,3.2,1.13,0.68,0.68,0.68
birch_chest_boat	item/birch_chest_boat	0,-90,25,1.13,3.2,1.13,0.68,0.68,0.68
birch_door	item/birch_door	0,-90,25,1.13,3.2,1.13,0.68,0.68,0.68
birch_hanging_sign	item/birch_hanging_sign	0,-90,25,1.13,3.2,1.13,0.68,0.68,0.68
birch_sapling	block/birch_sapling	0,-90,25,1.13,3.2,1.13,0.68,0.68,0.68
birch_sign	item/birch_sign	0,-90,25,1.13,3.2,1.13,0.68,0.68,0.68
black_candle	item/black_candle	0,-90,25,1.13,3.2,1.13,0.68,0.68,0.68
black_dye	item/black_dye	0,-90,25,1.13,3.2,1.13,0.68,0.68,0.68
black_stained_glass_pane	block/black_stained_glass	0,-90,25,1.13,3.2,1.13,0.68,0.68,0.68
blade_pottery_sherd	item/blade_pottery_sherd	0,-90,25,1.13,3.2,1.13,0.68,0.68,0.68
blaze_powder	item/blaze_powder	0,-90,25,1.13,3.2,1.13,0.68,0.68,0.68
blaze_rod	item/blaze_rod	0,-90,25,1.13,3.2,1.13,0.68,0.68,0.68
blaze_spawn_egg	item/spawn_egg,item/spawn_egg_overlay	0,-90,25,1.13,3.2,1.13,0.68,0.68,0.68
blue_candle	item/blue_candle	0,-90,25,1.13,3.2,1.13,0.68,0.68,0.68
blue_dye	item/blue_dye	0,-90,25,1.13,3.2,1.13,0.68,0.68,0.68
blue_orchid	block/blue_orchid	0,-90,25,1.13,3.2,1.13,0.68,0.68,0.68
blue_stained_glass_pane	block/blue_stained_glass	0,-90,25,1.13,3.2,1.13,0.68,0.68,0.68
bone	item/bone	0,-90,25,1.13,3.2,1.13,0.68,0.68,0.68
bone_meal	item/bone_meal	0,-90,25,1.13,3.2,1.13,0.68,0.68,0.68
book	item/book	0,-90,25,1.13,3.2,1.13,0.68,0.68,0.68
bow	item/bow	0,-90,25,1.13,3.2,1.13,0.68,0.68,0.68
bow_pulling_0	item/bow_pulling_0	0,-90,25,1.13,3.2,1.13,0.68,0.68,0.68
bow_pulling_1	item/bow_pulling_1	0,-90,25,1.13,3.2,1.13,0.68,0.68,0.68
bow_pulling_2	item/bow_pulling_2	0,-90,25,1.13,3.2,1.13,0.68,0.68,0.68
bowl	item/bowl	0,-90,25,1.13,3.2,1.13,0.68,0.68,0.68
brain_coral	block/brain_coral	0,-90,25,1.13,3.2,1.13,0.68,0.68,0.68
brain_coral_fan	block/brain_coral_fan	0,-90,25,1.13,3.2,1.13,0.68,0.68,0.68
bread	item/bread	0,-90,25,1.13,3.2,1.13,0.68,0.68,0.68
brewer_pottery_sherd	item/brewer_pottery_sherd	0,-90,25,1.13,3.2,1.13,0.68,0.68,0.68
brewing_stand	item/brewing_stand	0,-90,25,1.13,3.2,1.13,0.68,0.68,0.68
brick	item/brick	0,-90,25,1.13,3.2,1.13,0.68,0.68,0.68
broken_elytra	item/broken_elytra	0,-90,25,1.13,3.2,1.13,0.68,0.68,0.68
brown_candle	item/brown_candle	0,-90,25,1.13,3.2,1.13,0.68,0.68,0.68
brown_dye	item/brown_dye	0,-90,25,1.13,3.2,1.13,0.68,0.68,0.68
brown_mushroom	block/brown_mushroom	0,-90,25,1.13,3.2,1.13,0.68,0.68,0.68
brown_stained_glass_pane	block/brown_stained_glass	0,-90,25,1.13,3.2,1.13,0.68,0.68,0.68
brush	item/brush	0,-90,25,1.13,3.2,1.13,0.68,0.68,0.68
brush_brushing_0	item/brush	0,-90,25,1.13,3.2,1.13,0.68,0.68,0.68
brush_brushing_1	item/brush	0,-90,25,1.13,3.2,1.13,0.68,0.68,0.68
brush_brushing_2	item/brush	0,-90,25,1.13,3.2,1.13,0.68,0.68,0.68
bubble_coral	block/bubble_coral	0,-90,25,1.13,3.2,1.13,0.68,0.68,0.68
bubble_coral_fan	block/bubble_coral_fan	0,-90,25,1.13,3.2,1.13,0.68,0.68,0.68
bucket	item/bucket	0,-90,25,1.13,3.2,1.13,0.68,0.68,0.68
bundle	item/bundle	0,-90,25,1.13,3.2,1.13,0.68,0.68,0.68
bundle_filled	item/bundle_filled	0,-90,25,1.13,3.2,1.13,0.68,0.68,0.68
burn_pottery_sherd	item/burn_pottery_sherd	0,-90,25,1.13,3.2,1.13,0.68,0.68,0.68
cake	item/cake	0,-90,25,1.13,3.2,1.13,0.68,0.68,0.68
camel_spawn_egg	item/spawn_egg,item/spawn_egg_overlay	0,-90,25,1.13,3.2,1.13,0.68,0.68,0.68
campfire	item/campfire	0,-90,25,1.13,3.2,1.13,0.68,0.68,0.68
candle	item/candle	0,-90,25,1.13,3.2,1.13,0.68,0.68,0.68
carrot	item/carrot	0,-90,25,1.13,3.2,1.13,0.68,0.68,0.68
carrot_on_a_stick	item/carrot_on_a_stick	0,90,25,0,1.6,0.8,0.68,0.68,0.68
cat_spawn_egg	item/spawn_egg,item/spawn_egg_overlay	0,-90,25,1.13,3.2,1.13,0.68,0.68,0.68
cauldron	item/cauldron	0,-90,25,1.13,3.2,1.13,0.68,0.68,0.68
cave_spider_spawn_egg	item/spawn_egg,item/spawn_egg_overlay	0,-90,25,1.13,3.2,1.13,0.68,0.68,0.68
chain	item/chain	0,-90,25,1.13,3.2,1.13,0.68,0.68,0.68
chainmail_boots	item/chainmail_boots	0,-90,25,1.13,3.2,1.13,0.68,0.68,0.68
chainmail_boots_amethyst_trim	item/chainmail_boots,trims/items/boots_trim@amethyst	0,-90,25,1.13,3.2,1.13,0.68,0.68,0.68
chainmail_boots_copper_trim	item/chainmail_boots,trims/items/boots_trim@copper	0,-90,25,1.13,3.2,1.13,0.68,0.68,0.68
chainmail_boots_diamond_trim	item/chainmail_boots,trims/items/boots_trim@diamond	0,-90,25,1.13,3.2,1.13,0.68,0.68,0.68
chainmail_boots_emerald_trim	item/chainmail_boots,trims/items/boots_trim@emerald	0,-90,25,1.13,3.2,1.13,0.68,0.68,0.68
chainmail_boots_gold_trim	item/chainmail_boots,trims/items/boots_trim@gold	0,-90,25,1.13,3.2,1.13,0.68,0.68,0.68
chainmail_boots_iron_trim	item/chainmail_boots,trims/items/boots_trim@iron	0,-90,25,1.13,3.2,1.13,0.68,0.68,0.68
chainmail_boots_lapis_trim	item/chainmail_boots,trims/items/boots_trim@lapis	0,-90,25,1.13,3.2,1.13,0.68,0.68,0.68
chainmail_boots_netherite_trim	item/chainmail_boots,trims/items/boots_trim@netherite	0,-90,25,1.13,3.2,1.13,0.68,0.68,0.68
chainmail_boots_quartz_trim	item/chainmail_boots,trims/items/boots_trim@quartz	0,-90,25,1.13,3.2,1.13,0.68,0.68,0.68
chainmail_boots_redstone_trim	item/chainmail_boots,trims/items/boots_trim@redstone	0,-90,25,1.13,3.2,1.13,0.68,0.68,0.68
chainmail_chestplate	item/chainmail_chestplate	0,-90,25,1.13,3.2,1.13,0.68,0.68,0.68
chainmail_chestplate_amethyst_trim	item/chainmail_chestplate,trims/items/chestplate_trim@amethyst	0,-90,25,1.13,3.2,1.13,0.68,0.68,0.68
chainmail_chestplate_copper_trim	item/chainmail_chestplate,trims/items/chestplate_trim@copper	0,-90,25,1.13,3.2,1.13,0.68,0.68,0.68
chainmail_chestplate_diamond_trim	item/chainmail_chestplate,trims/items/chestplate_trim@diamond	0,-90,25,1.13,3.2,1.13,0.68,0.68,0.68
chainmail_chestplate_emerald_trim	item/chainmail_chestplate,trims/items/chestplate_trim@emerald	0,-90,25,1.13,3.2,1.13,0.68,0.68,0.68
chainmail_chestplate_gold_trim	item/chainmail_chestplate,trims/items/chestplate_trim@gold	0,-90,25,1.13,3.2,1.13,0.68,0.68,0.68
chainmail_chestplate_iron_trim	item/chainmail_chestplate,trims/items/chestplate_trim@iron	0,-90,25,1.13,3.2,1.13,0.68,0.68,0.68
chainmail_chestplate_lapis_trim	item/chainmail_chestplate,trims/items/chestplate_trim@lapis	0,-90,25,1.13,3.2,1.13,0.68,0.68,0.68
chainmail_chestplate_netherite_trim	item/chainmail_chestplate,trims/items/chestplate_trim@netherite	0,-90,25,1.13,3.2,1.13,0.68,0.68,0.68
chainmail_chestplate_quartz_trim	item/chainmail_chestplate,trims/items/chestplate_trim@quartz	0,-90,25,1.13,3.2,1.13,0.68,0.68,0.68
chainmail_chestplate_redstone_trim	item/chainmail_chestplate,trims/items/chestplate_trim@redstone	0,-90,25,1.13,3.2,1.13,0.68,0.68,0.68
chainmail_helmet	item/chainmail_helmet	0,-90,25,1.13,3.2,1.13,0.68,0.68,0.68
chainmail_helmet_amethyst_trim	item/chainmail_helmet,trims/items/helmet_trim@amethyst	0,-90,25,1.13,3.2,1.13,0.68,0.68,0.68
chainmail_helmet_copper_trim	item/chainmail_helmet,trims/items/helmet_trim@copper	0,-90,25,1.13,3.2,1.13,0.68,0.68,0.68
chainmail_helmet_diamond_trim	item/chainmail_helmet,trims/items/helmet_trim@diamond	0,-90,25,1.13,3.2,1.13,0.68,0.68,0.68
chainmail_helmet_emerald_trim	item/chainmail_helmet,trims/items/helmet_trim@emerald	0,-90,25,1.13,3.2,1.13,0.68,0.68,0.68
chainmail_helmet_gold_trim	item/chainmail_helmet,trims/items/helmet_trim@gold	0,-90,25,1.13,3.2,1.13,0.68,0.68,0.68
chainmail_helmet_iron_trim	item/chainmail_helmet,trims/items/helmet_trim@iron	0,-90,25,1.13,3.2,1.13,0.68,0.68,0.68
chainmail_helmet_lapis_trim	item/chainmail_helmet,trims/items/helmet_trim@lapis	0,-90,25,1.13,3.2,1.13,0.68,0.68,0.68
chainmail_helmet_netherite_trim	item/chainmail_helmet,trims/items/helmet_trim@netherite	0,-90,25,1.13,3.2,1.13,0.68,0.68,0.68
chainmail_helmet_quartz_trim	item/chainmail_helmet,trims/items/helmet_trim@quartz	0,-90,25,1.13,3.2,1.13,0.68,0.68,0.68
chainmail_helmet_redstone_trim	item/chainmail_helmet,trims/items/helmet_trim@redstone	0,-90,25,1.13,3.2,1.13,0.68,0.68,0.68
chainmail_leggings	item/chainmail_leggings	0,-90,25,1.13,3.2,1.13,0.68,0.68,0.68
chainmail_leggings_amethyst_trim	item/chainmail_leggings,trims/items/leggings_trim@amethyst	0,-90,25,1.13,3.2,1.13,0.68,0.68,0.68
chainmail_leggings_copper_trim	item/chainmail_leggings,trims/items/leggings_trim@copper	0,-90,25,1.13,3.2,1.13,0.68,0.68,0.68
chainmail_leggings_diamond_trim	item/chainmail_leggings,trims/items/leggings_trim@diamond	0,-90,25,1.13,3.2,1.13,0.68,0.68,0.68
chainmail_leggings_emerald_trim	item/chainmail_leggings,trims/items/leggings_trim@emerald	0,-90,25,1.13,3.2,1.13,0.68,0.68,0.68
chainmail_leggings_gold_trim	item/chainmail_leggings,trims/items/leggings_trim@gold	0,-90,25,1.13,3.2,1.13,0.68,0.68,0.68
chainmail_leggings_iron_trim	item/chainmail_leggings,trims/items/leggings_trim@iron	0,-90,25,1.13,3.2,1.13,0.68,0.68,0.68
chainmail_leggings_lapis_trim	item/chainmail_leggings,trims/items/leggings_trim@lapis	0,-90,25,1.13,3.2,1.13,0.68,0.68,0.68
chainmail_leggings_netherite_trim	item/chainmail_leggings,trims/items/leggings_trim@netherite	0,-90,25,1.13,3.2,1.13,0.68,0.68,0.68
chainmail_leggings_quartz_trim	item/chainmail_leggings,trims/items/leggings_trim@quartz	0,-90,25,1.13,3.2,1.13,0.68,0.68,0.68
chainmail_leggings_redstone_trim	item/chainmail_leggings,trims/items/leggings_trim@redstone	0,-90,25,1.13,3.2,1.13,0.68,0.68,0.68
charcoal	item/charcoal	0,-90,25,1.13,3.2,1.13,0.68,0.68,0.68
cherry_boat	item/cherry_boat	0,-90,25,1.13,3.2,1.13,0.68,0.68,0.68
cherry_chest_boat	item/cherry_chest_boat	0,-90,25,1.13,3.2,1.13,0.68,0.68,0.68
cherry_door	item/cherry_door	0,-90,25,1.13,3.2,1.13,0.68,0.68,0.68
cherry_hanging_sign	item/cherry_hanging_sign	0,-90,25,1.13,3.2,1.13,0.68,0.68,0.68
cherry_sapling	block/cherry_sapling	0,-90,25,1.13,3.2,1.13,0.68,0.68,0.68
cherry_sign	item/cherry_sign	0,-90,25,1.13,3.2,1.13,0.68,0.68,0.68
chest_minecart	item/chest_minecart	0,-90,25,1.13,3.2,1.13,0.68,0.68,0.68
chicken	item/chicken	0,-90,25,1.13,3.2,1.13,0.68,0.68,0.68
chicken_spawn_egg	item/spawn_egg,item/spawn_egg_overlay	0,-90,25,1.13,3.2,1.13,0.68,0.68,0.68
chorus_fruit	item/chorus_fruit	0,-90,25,1.13,3.2,1.13,0.68,0.68,0.68
clay_ball	item/clay_ball	0,-90,25,1.13,3.2,1.13,0.68,0.68,0.68
clock	item/clock_00	0,-90,25,1.13,3.2,1.13,0.68,0.68,0.68
clock_01	item/clock_01	0,-90,25,1.13,3.2,1.13,0.68,0.68,0.68
clock_02	item/clock_02	0,-90,25,1.13,3.2,1.13,0.68,0.68,0.68
clock_03	item/clock_03	0,-90,25,1.13,3.2,1.13,0.68,0.68,0.68
clock_04	item/clock_04	0,-90,25,1.13,3.2,1.13,0.68,0.68,0.68
clock_05	item/clock_05	0,-90,25,1.13,3.2,1.13,0.68,0.68,0.68
clock_06	item/clock_06	0,-90,25,1.13,3.2,1.13,0.68,0.68,0.68
clock_07	item/clock_07	0,-90,25,1.13,3.2,1.13,0.68,0.68,0.68
clock_08	item/clock_08	0,-90,25,1.13,3.2,1.13,0.68,0.68,0.68
clock_09	item/clock_09	0,-90,25,1.13,3.2,1.13,0.68,0.68,0.68
clock_10	item/clock_10	0,-90,25,1.13,3.2,1.13,0.68,0.68,0.68
clock_11	item/clock_11	0,-90,25,1.13,3.2,1.13,0.68,0.68,0.68
clock_12	item/clock_12	0,-90,25,1.13,3.2,1.13,0.68,0.68,0.68
clock_13	item/clock_13	0,-90,25,1.13,3.2,1.13,0.68,0.68,0.68
clock_14	item/clock_14	0,-90,25,1.13,3.2,1.13,0.68,0.68,0.68
clock_15	item/clock_15	0,-90,25,1.13,3.2,1.13,0.68,0.68,0.68
clock_16	item/clock_16	0,-90,25,1.13,3.2,1.13,0.68,0.68,0.68
clock_17	item/clock_17	0,-90,25,1.13,3.2,1.13,0.68,0.68,0.68
clock_18	item/clock_18	0,-90,25,1.13,3.2,1.13,0.68,0.68,0.68
clock_19	item/clock_19	0,-90,25,1.13,3.2,1.13,0.68,0.68,0.68
clock_20	item/clock_20	0,-90,25,1.13,3.2,1.13,0.68,0.68,0.68
clock_21	item/clock_21	0,-90,25,1.13,3.2,1.13,0.68,0.68,0.68
clock_22	item/clock_22	0,-90,25,1.13,3.2,1.13,0.68,0.68,0.68
clock_23	item/clock_23	0,-90,25,1.13,3.2,1.13,0.68,0.68,0.68
clock_24	item/clock_24	0,-90,25,1.13,3.2,1.13,0.68,0.68,0.68
clock_25	item/clock_25	0,-90,25,1.13,3.2,1.13,0.68,0.68,0.68
clock_26	item/clock_26	0,-90,25,1.13,3.2,1.13,0.68,0.68,0.68
clock_27	item/clock_27	0,-90,25,1.13,3.2,1.13,0.68,0.68,0.68
clock_28	item/clock_28	0,-90,25,1.13,3.2,1.13,0.68,0.68,0.68
clock_29	item/clock_29	0,-90,25,1.13,3.2,1.13,0.68,0.68,0.68
clock_30	item/clock_30	0,-90,25,1.13,3.2,1.13,0.68,0.68,0.68
clock_31	item/clock_31	0,-90,25,1.13,3.2,1.13,0.68,0.68,0.68
clock_32	item/clock_32	0,-90,25,1.13,3.2,1.13,0.68,0.68,0.68
clock_33	item/clock_33	0,-90,25,1.13,3.2,1.13,0.68,0.68,0.68
clock_34	item/clock_34	0,-90,25,1.13,3.2,1.13,0.68,0.68,0.68
clock_35	item/clock_35	0,-90,25,1.13,3.2,1.13,0.68,0.68,0.68
clock_36	item/clock_36	0,-90,25,1.13,3.2,1.13,0.68,0.68,0.68
clock_37	item/clock_37	0,-90,25,1.13,3.2,1.13,0.68,0.68,0.68
clock_38	item/clock_38	0,-90,25,1.13,3.2,1.13,0.68,0.68,0.68
clock_39	item/clock_39	0,-90,25,1.13,3.2,1.13,0.68,0.68,0.68
clock_40	item/clock_40	0,-90,25,1.13,3.2,1.13,0.68,0.68,0.68
clock_41	item/clock_41	0,-90,25,1.13,3.2,1.13,0.68,0.68,0.68
clock_42	item/clock_42	0,-90,25,1.13,3.2,1.13,0.68,0.68,0.68
clock_43	item/clock_43	0,-90,25,1.13,3.2,1.13,0.68,0.68,0.68
clock_44	item/clock_44	0,-90,25,1.13,3.2,1.13,0.68,0.68,0.68
clock_45	item/clock_45	0,-90,25,1.13,3.2,1.13,0.68,0.68,0.68
clock_46	item/clock_46	0,-90,25,1.13,3.2,1.13,0.68,0.68,0.68
clock_47	item/clock_47	0,-90,25,1.13,3.2,1.13,0.68,0.68,0.68
clock_48	item/clock_48	0,-90,25,1.13,3.2,1.13,0.68,0.68,0.68
clock_49	item/clock_49	0,-90,25,1.13,3.2,1.13,0.68,0.68,0.68
clock_50	item/clock_50	0,-90,25,1.13,3.2,1.13,0.68,0.68,0.68
clock_51	item/clock_51	0,-90,25,1.13,3.2,1.13,0.68,0.68,0.68
clock_52	item/clock_52	0,-90,25,1.13,3.2,1.13,0.68,0.68,0.68
clock_53	item/clock_53	0,-90,25,1.13,3.2,1.13,0.68,0.68,0.68
clock_54	item/clock_54	0,-90,25,1.13,3.2,1.13,0.68,0.68,0.68
clock_55	item/clock_55	0,-90,25,1.13,3.2,1.13,0.68,0.68,0.68
clock_56	item/clock_56	0,-90,25,1.13,3.2,1.13,0.68,0.68,0.68
clock_57	item/clock_57	0,-90,25,1.13,3.2,1.13,0.68,0.68,0.68
clock_58	item/clock_58	0,-90,25,1.13,3.2,1.13,0.68,0.68,0.68
clock_59	item/clock_59	0,-90,25,1.13,3.2,1.13,0.68,0.68,0.68
clock_60	item/clock_60	0,-90,25,1.13,3.2,1.13,0.68,0.68,0.68
clock_61	item/clock_61	0,-90,25,1.13,3.2,1.13,0.68,0.68,0.68
clock_62	item/clock_62	0,-90,25,1.13,3.2,1.13,0.68,0.68,0.68
clock_63	item/clock_63	0,-90,25,1.13,3.2,1.13,0.68,0.68,0.68
coal	item/coal	0,-90,25,1.13,3.2,1.13,0.68,0.68,0.68
coast_armor_trim_smithing_template	item/coast_armor_trim_smithing_template	0,-90,25,1.13,3.2,1.13,0.68,0.68,0.68
cobweb	block/cobweb	0,-90,25,1.13,3.2,1.13,0.68,0.68,0.68
cocoa_beans	item/cocoa_beans	0,-90,25,1.13,3.2,1.13,0.68,0.68,0.68
cod	item/cod	0,-90,25,1.13,3.2,1.13,0.68,0.68,0.68
cod_bucket	item/cod_bucket	0,-90,25,1.13,3.2,1.13,0.68,0.68,0.68
cod_spawn_egg	item/spawn_egg,item/spawn_egg_overlay	0,-90,25,1.13,3.2,1.13,0.68,0.68,0.68
command_block_minecart	item/command_block_minecart	0,-90,25,1.13,3.2,1.13,0.68,0.68,0.68
comparator	item/comparator	0,-90,25,1.13,3.2,1.13,0.68,0.68,0.68
compass	item/compass_16	0,-90,25,1.13,3.2,1.13,0.68,0.68,0.68
compass_00	item/compass_00	0,-90,25,1.13,3.2,1.13,0.68,0.68,0.68
compass_01	item/compass_01	0,-90,25,1.13,3.2,1.13,0.68,0.68,0.68
compass_02	item/compass_02	0,-90,25,1.13,3.2,1.13,0.68,0.68,0.68
compass_03	item/compass_03	0,-90,25,1.13,3.2,1.13,0.68,0.68,0.68
compass_04	item/compass_04	0,-90,25,1.13,3.2,1.13,0.68,0.68,0.68
compass_05	item/compass_05	0,-90,25,1.13,3.2,1.13,0.68,0.68,0.68
compass_06	item/compass_06	0,-90,25,1.13,3.2,1.13,0.68,0.68,0.68
compass_07	item/compass_07	0,-90,25,1.13,3.2,1.13,0.68,0.68,0.68
compass_08	item/compass_08	0,-90,25,1.13,3.2,1.13,0.68,0.68,0.68
compass_09	item/compass_09	0,-90,25,1.13,3.2,1.13,0.68,0.68,0.68
compass_10	item/compass_10	0,-90,25,1.13,3.2,1.13,0.68,0.68,0.68
compass_11	item/compass_11	0,-90,25,1.13,3.2,1.13,0.68,0.68,0.68
compass_12	item/compass_12	0,-90,25,1.13,3.2,1.13,0.68,0.68,0.68
compass_13	item/compass_13	0,-90,25,1.13,3.2,1.13,0.68,0.68,0.68
compass_14	item/compass_14	0,-90,25,1.13,3.2,1.13,0.68,0.68,0.68
compass_15	item/compass_15	0,-90,25,1.13,3.2,1.13,0.68,0.68,0.68
compass_17	item/compass_17	0,-90,25,1.13,3.2,1.13,0.68,0.68,0.68
compass_18	item/compass_18	0,-90,25,1.13,3.2,1.13,0.68,0.68,0.68
compass_19	item/compass_19	0,-90,25,1.13,3.2,1.13,0.68,0.68,0.68
compass_20	item/compass_20	0,-90,25,1.13,3.2,1.13,0.68,0.68,0.68
compass_21	item/compass_21	0,-90,25,1.13,3.2,1.13,0.68,0.68,0.68
compass_22	item/compass_22	0,-90,25,1.13,3.2,1.13,0.68,0.68,0.68
compass_23	item/compass_23	0,-90,25,1.13,3.2,1.13,0.68,0.68,0.68
compass_24	item/compass_24	0,-90,25,1.13,3.2,1.13,0.68,0.68,0.68
compass_25	item/compass_25	0,-90,25,1.13,3.2,1.13,0.68,0.68,0.68
compass_26	item/compass_26	0,-90,25,1.13,3.2,1.13,0.68,0.68,0.68
compass_27	item/compass_27	0,-90,25,1.13,3.2,1.13,0.68,0.68,0.68
compass_28	item/compass_28	0,-90,25,1.13,3.2,1.13,0.68,0.68,0.68
compass_29	item/compass_29	0,-90,25,1.13,3.2,1.13,0.68,0.68,0.68
compass_30	item/compass_30	0,-90,25,1.13,3.2,1.13,0.68,0.68,0.68
compass_31	item/compass_31	0,-90,25,1.13,3.2,1.13,0.68,0.68,0.68
cooked_beef	item/cooked_beef	0,-90,25,1.13,3.2,1.13,0.68,0.68,0.68
cooked_chicken	item/cooked_chicken	0,-90,25,1.13,3.2,1.13,0.68,0.68,0.68
cooked_cod	item/cooked_cod	0,-90,25,1.13,3.2,1.13,0.68,0.68,0.68
cooked_mutton	item/cooked_mutton	0,-90,25,1.13,3.2,1.13,0.68,0.68,0.68
cooked_porkchop	item/cooked_porkchop	0,-90,25,1.13,3.2,1.13,0.68,0.68,0.68
cooked_rabbit	item/cooked_rabbit	0,-90,25,1.13,3.2,1.13,0.68,0.68,0.68
cooked_salmon	item/cooked_salmon	0,-90,25,1.13,3.2,1.13,0.68,0.68,0.68
cookie	item/cookie	0,-90,25,1.13,3.2,1.13,0.68,0.68,0.68
copper_ingot	item/copper_ingot	0,-90,25,1.13,3.2,1.13,0.68,0.68,0.68
cornflower	block/cornflower	0,-90,25,1.13,3.2,1.13,0.68,0.68,0.68
cow_spawn_egg	item/spawn_egg,item/spawn_egg_overlay	0,-90,25,1.13,3.2,1.13,0.68,0.68,0.68
creeper_banner_pattern	item/creeper_banner_pattern	0,-90,25,1.13,3.2,1.13,0.68,0.68,0.68
creeper_spawn_egg	item/spawn_egg,item/spawn_egg_overlay	0,-90,25,1.13,3.2,1.13,0.68,0.68,0.68
crimson_door	item/crimson_door	0,-90,25,1.13,3.2,1.13,0.68,0.68,0.68
crimson_fungus	block/crimson_fungus	0,-90,25,1.13,3.2,1.13,0.68,0.68,0.68
crimson_hanging_sign	item/crimson_hanging_sign	0,-90,25,1.13,3.2,1.13,0.68,0.68,0.68
crimson_roots	block/crimson_roots	0,-90,25,1.13,3.2,1.13,0.68,0.68,0.68
crimson_sign	item/crimson_sign	0,-90,25,1.13,3.2,1.13,0.68,0.68,0.68
crossbow	item/crossbow_standby	-90,0,-55,1.13,3.2,1.13,0.68,0.68,0.68
crossbow_arrow	item/crossbow_arrow	-90,0,-55,1.13,3.2,1.13,0.68,0.68,0.68
crossbow_firework	item/crossbow_firework	-90,0,-55,1.13,3.2,1.13,0.68,0.68,0.68
crossbow_pulling_0	item/crossbow_pulling_0	-90,0,-55,1.13,3.2,1.13,0.68,0.68,0.68
crossbow_pulling_1	item/crossbow_pulling_1	-90,0,-55,1.13,3.2,1.13,0.68,0.68,0.68
crossbow_pulling_2	item/crossbow_pulling_2	-90,0,-55,1.13,3.2,1.13,0.68,0.68,0.68
cyan_candle	item/cyan_candle	0,-90,25,1.13,3.2,1.13,0.68,0.68,0.68
cyan_dye	item/cyan_dye	0,-90,25,1.13,3.2,1.13,0.68,0.68,0.68
cyan_stained_glass_pane	block/cyan_stained_glass	0,-90,25,1.13,3.2,1.13,0.68,0.68,0.68
dandelion	block/dandelion	0,-90,25,1.13,3.2,1.13,0.68,0.68,0.68
danger_pottery_sherd	item/danger_pottery_sherd	0,-90,25,1.13,3.2,1.13,0.68,0.68,0.68
dark_oak_boat	item/dark_oak_boat	0,-90,25,1.13,3.2,1.13,0.68,0.68,0.68
dark_oak_chest_boat	item/dark_oak_chest_boat	0,-90,25,1.13,3.2,1.13,0.68,0.68,0.68
dark_oak_door	item/dark_oak_door	0,-90,25,1.13,3.2,1.13,0.68,0.68,0.68
dark_oak_hanging_sign	item/dark_oak_hanging_sign	0,-90,25,1.13,3.2,1.13,0.68,0.68,0.68
dark_oak_sapling	block/dark_oak_sapling	0,-90,25,1.13,3.2,1.13,0.68,0.68,0.68
dark_oak_sign	item/dark_oak_sign	0,-90,25,1.13,3.2,1.13,0.68,0.68,0.68
dead_brain_coral	block/dead_brain_coral	0,-90,25,1.13,3.2,1.13,0.68,0.68,0.68
dead_brain_coral_fan	block/dead_brain_coral_fan	0,-90,25,1.13,3.2,1.13,0.68,0.68,0.68
dead_bubble_coral	block/dead_bubble_coral	0,-90,25,1.13,3.2,1.13,0.68,0.68,0.68
dead_bubble_coral_fan	block/dead_bubble_coral_fan	0,-90,25,1.13,3.2,1.13,0.68,0.68,0.68
dead_bush	block/dead_bush	0,-90,25,1.13,3.2,1.13,0.68,0.68,0.68
dead_fire_coral	block/dead_fire_coral	0,-90,25,1.13,3.2,1.13,0.68,0.68,0.68
dead_fire_coral_fan	block/dead_fire_coral_fan	0,-90,25,1.13,3.2,1.13,0.68,0.68,0.68
dead_horn_coral	block/dead_horn_coral	0,-90,25,1.13,3.2,1.13,0.68,0.68,0.68
dead_horn_coral_fan	block/dead_horn_coral_fan	0,-90,25,1.13,3.2,1.13,0.68,0.68,0.68
dead_tube_coral	block/dead_tube_coral	0,-90,25,1.13,3.2,1.13,0.68,0.68,0.68
dead_tube_coral_fan	block/dead_tube_coral_fan	0,-90,25,1.13,3.2,1.13,0.68,0.68,0.68
debug_stick	item/stick	0,-90,25,1.13,3.2,1.13,0.68,0.68,0.68
detector_rail	block/detector_rail	0,-90,25,1.13,3.2,1.13,0.68,0.68,0.68
diamond	item/diamond	0,-90,25,1.13,3.2,1.13,0.68,0.68,0.68
diamond_axe	item/diamond_axe	0,-90,25,1.13,3.2,1.13,0.68,0.68,0.68
diamond_boots	item/diamond_boots	0,-90,25,1.13,3.2,1.13,0.68,0.68,0.68
diamond_boots_amethyst_trim	item/diamond_boots,trims/items/boots_trim@amethyst	0,-90,25,1.13,3.2,1.13,0.68,0.68,0.68
diamond_boots_copper_trim	item/diamond_boots,trims/items/boots_trim@copper	0,-90,25,1.13,3.2,1.13,0.68,0.68,0.68
diamond_boots_diamond_darker_trim	item/diamond_boots,trims/items/boots_trim@diamond_darker	0,-90,25,1.13,3.2,1.13,0.68,0.68,0.68
diamond_boots_emerald_trim	item/diamond_boots,trims/items/boots_trim@emerald	0,-90,25,1.13,3.2,1.13,0.68,0.68,0.68
diamond_boots_gold_trim	item/diamond_boots,trims/items/boots_trim@gold	0,-90,25,1.13,3.2,1.13,0.68,0.68,0.68
diamond_boots_iron_trim	item/diamond_boots,trims/items/boots_trim@iron	0,-90,25,1.13,3.2,1.13,0.68,0.68,0.68
diamond_boots_lapis_trim	item/diamond_boots,trims/items/boots_trim@lapis	0,-90,25,1.13,3.2,1.13,0.68,0.68,0.68
diamond_boots_netherite_trim	item/diamond_boots,trims/items/boots_trim@netherite	0,-90,25,1.13,3.2,1.13,0.68,0.68,0.68
diamond_boots_quartz_trim	item/diamond_boots,trims/items/boots_trim@quartz	0,-90,25,1.13,3.2,1.13,0.68,0.68,0.68
diamond_boots_redstone_trim	item/diamond_boots,trims/items/boots_trim@redstone	0,-90,25,1.13,3.2,1.13,0.68,0.68,0.68
diamond_chestplate	item/diamond_chestplate	0,-90,25,1.13,3.2,1.13,0.68,0.68,0.68
diamond_chestplate_amethyst_trim	item/diamond_chestplate,trims/items/chestplate_trim@amethyst	0,-90,25,1.13,3.2,1.13,0.68,0.68,0.68
diamond_chestplate_copper_trim	item/diamond_chestplate,trims/items/chestplate_trim@copper	0,-90,25,1.13,3.2,1.13,0.68,0.68,0.68
diamond_chestplate_diamond_darker_trim	item/diamond_chestplate,trims/items/chestplate_trim@diamond_darker	0,-90,25,1.13,3.2,1.13,0.68,0.68,0.68
diamond_chestplate_emerald_trim	item/diamond_chestplate,trims/items/chestplate_trim@emerald	0,-90,25,1.13,3.2,1.13,0.68,0.68,0.68
diamond_chestplate_gold_trim	item/diamond_chestplate,trims/items/chestplate_trim@gold	0,-90,25,1.13,3.2,1.13,0.68,0.68,0.68
diamond_chestplate_iron_trim	item/diamond_chestplate,trims/items/chestplate_trim@iron	0,-90,25,1.13,3.2,1.13,0.68,0.68,0.68
diamond_chestplate_lapis_trim	item/diamond_chestplate,trims/items/chestplate_trim@lapis	0,-90,25,1.13,3.2,1.13,0.68,0.68,0.68
diamond_chestplate_netherite_trim	item/diamond_chestplate,trims/items/chestplate_trim@netherite	0,-90,25,1.13,3.2,1.13,0.68,0.68,0.68
diamond_chestplate_quartz_trim	item/diamond_chestplate,trims/items/chestplate_trim@quartz	0,-90,25,1.13,3.2,1.13,0.68,0.68,0.68
diamond_chestplate_redstone_trim	item/diamond_chestplate,trims/items/chestplate_trim@redstone	0,-90,25,1.13,3.2,1.13,0.68,0.68,0.68
diamond_helmet	item/diamond_helmet	0,-90,25,1.13,3.2,1.13,0.68,0.68,0.68
diamond_helmet_amethyst_trim	item/diamond_helmet,trims/items/helmet_trim@amethyst	0,-90,25,1.13,3.2,1.13,0.68,0.68,0.68
diamond_helmet_copper_trim	item/diamond_helmet,trims/items/helmet_trim@copper	0,-90,25,1.13,3.2,1.13,0.68,0.68,0.68
diamond_helmet_diamond_darker_trim	item/diamond_helmet,trims/items/helmet_trim@diamond_darker	0,-90,25,1.13,3.2,1.13,0.68,0.68,0.68
diamond_helmet_emerald_trim	item/diamond_helmet,trims/items/helmet_trim@emerald	0,-90,25,1.13,3.2,1.13,0.68,0.68,0.68
diamond_helmet_gold_trim	item/diamond_helmet,trims/items/helmet_trim@gold	0,-90,25,1.13,3.2,1.13,0.68,0.68,0.68
diamond_helmet_iron_trim	item/diamond_helmet,trims/items/helmet_trim@iron	0,-90,25,1.13,3.2,1.13,0.68,0.68,0.68
diamond_helmet_lapis_trim	item/diamond_helmet,trims/items/helmet_trim@lapis	0,-90,25,1.13,3.2,1.13,0.68,0.68,0.68
diamond_helmet_netherite_trim	item/diamond_helmet,trims/items/helmet_trim@netherite	0,-90,25,1.13,3.2,1.13,0.68,0.68,0.68
diamond_helmet_quartz_trim	item/diamond_helmet,trims/items/helmet_trim@quartz	0,-90,25,1.13,3.2,1.13,0.68,0.68,0.68
diamond_helmet_redstone_trim	item/diamond_helmet,trims/items/helmet_trim@redstone	0,-90,25,1.13,3.2,1.13,0.68,0.68,0.68
diamond_hoe	item/diamond_hoe	0,-90,25,1.13,3.2,1.13,0.68,0.68,0.68
diamond_horse_armor	item/diamond_horse_armor	0,-90,25,1.13,3.2,1.13,0.68,0.68,0.68
diamond_leggings	item/diamond_leggings	0,-90,25,1.13,3.2,1.13,0.68,0.68,0.68
diamond_leggings_amethyst_trim	item/diamond_leggings,trims/items/leggings_trim@amethyst	0,-90,25,1.13,3.2,1.13,0.68,0.68,0.68
diamond_leggings_copper_trim	item/diamond_leggings,trims/items/leggings_trim@copper	0,-90,25,1.13,3.2,1.13,0.68,0.68,0.68
diamond_leggings_diamond_darker_trim	item/diamond_leggings,trims/items/leggings_trim@diamond_darker	0,-90,25,1.13,3.2,1.13,0.68,0.68,0.68
diamond_leggings_emerald_trim	item/diamond_leggings,trims/items/leggings_trim@emerald	0,-90,25,1.13,3.2,1.13,0.68,0.68,0.68
diamond_leggings_gold_trim	item/diamond_leggings,trims/items/leggings_trim@gold	0,-90,25,1.13,3.2,1.13,0.68,0.68,0.68
diamond_leggings_iron_trim	item/diamond_leggings,trims/items/leggings_trim@iron	0,-90,25,1.13,3.2,1.13,0.68,0.68,0.68
diamond_leggings_lapis_trim	item/diamond_leggings,trims/items/leggings_trim@lapis	0,-90,25,1.13,3.2,1.13,0.68,0.68,0.68
diamond_leggings_netherite_trim	item/diamond_leggings,trims/items/leggings_trim@netherite	0,-90,25,1.13,3.2,1.13,0.68,0.68,0.68
diamond_leggings_quartz_trim	item/diamond_leggings,trims/items/leggings_trim@quartz	0,-90,25,1.13,3.2,1.13,0.68,0.68,0.68
diamond_leggings_redstone_trim	item/diamond_leggings,trims/items/leggings_trim@redstone	0,-90,25,1.13,3.2,1.13,0.68,0.68,0.68
diamond_pickaxe	item/diamond_pickaxe	0,-90,25,1.13,3.2,1.13,0.68,0.68,0.68
diamond_shovel	item/diamond_shovel	0,-90,25,1.13,3.2,1.13,0.68,0.68,0.68
diamond_sword	item/diamond_sword	0,-90,25,1.13,3.2,1.13,0.68,0.68,0.68
disc_fragment_5	item/disc_fragment_5	0,-90,25,1.13,3.2,1.13,0.68,0.68,0.68
dolphin_spawn_egg	item/spawn_egg,item/spawn_egg_overlay	0,-90,25,1.13,3.2,1.13,0.68,0.68,0.68
donkey_spawn_egg	item/spawn_egg,item/spawn_egg_overlay	0,-90,25,1.13,3.2,1.13,0.68,0.68,0.68
dragon_breath	item/dragon_breath	0,-90,25,1.13,3.2,1.13,0.68,0.68,0.68
dried_kelp	item/dried_kelp	0,-90,25,1.13,3.2,1.13,0.68,0.68,0.68
drowned_spawn_egg	item/spawn_egg,item/spawn_egg_overlay	0,-90,25,1.13,3.2,1.13,0.68,0.68,0.68
dune_armor_trim_smithing_template	item/dune_armor_trim_smithing_template	0,-90,25,1.13,3.2,1.13,0.68,0.68,0.68
echo_shard	item/echo_shard	0,-90,25,1.13,3.2,1.13,0.68,0.68,0.68
egg	item/egg	0,-90,25,1.13,3.2,1.13,0.68,0.68,0.68
elder_guardian_spawn_egg	item/spawn_egg,item/spawn_egg_overlay	0,-90,25,1.13,3.2,1.13,0.68,0.68,0.68
elytra	item/elytra	0,-90,25,1.13,3.2,1.13,0.68,0.68,0.68
emerald	item/emerald	0,-90,25,1.13,3.2,1.13,0.68,0.68,0.68
enchanted_book	item/enchanted_book	0,-90,25,1.13,3.2,1.13,0.68,0.68,0.68
enchanted_golden_apple	item/golden_apple	0,-90,25,1.13,3.2,1.13,0.68,0.68,0.68
end_crystal	item/end_crystal	0,-90,25,1.13,3.2,1.13,0.68,0.68,0.68
ender_dragon_spawn_egg	item/spawn_egg,item/spawn_egg_overlay	0,-90,25,1.13,3.2,1.13,0.68,0.68,0.68
ender_eye	item/ender_eye	0,-90,25,1.13,3.2,1.13,0.68,0.68,0.68
ender_pearl	item/ender_pearl	0,-90,25,1.13,3.2,1.13,0.68,0.68,0.68
enderman_spawn_egg	item/spawn_egg,item/spawn_egg_overlay	0,-90,25,1.13,3.2,1.13,0.68,0.68,0.68
endermite_spawn_egg	item/spawn_egg,item/spawn_egg_overlay	0,-90,25,1.13,3.2,1.13,0.68,0.68,0.68
evoker_spawn_egg	item/spawn_egg,item/spawn_egg_overlay	0,-90,25,1.13,3.2,1.13,0.68,0.68,0.68
experience_bottle	item/experience_bottle	0,-90,25,1.13,3.2,1.13,0.68,0.68,0.68
explorer_pottery_sherd	item/explorer_pottery_sherd	0,-90,25,1.13,3.2,1.13,0.68,0.68,0.68
eye_armor_trim_smithing_template	item/eye_armor_trim_smithing_template	0,-90,25,1.13,3.2,1.13,0.68,0.68,0.68
feather	item/feather	0,-90,25,1.13,3.2,1.13,0.68,0.68,0.68
fermented_spider_eye	item/fermented_spider_eye	0,-90,25,1.13,3.2,1.13,0.68,0.68,0.68
fern	block/fern	0,-90,25,1.13,3.2,1.13,0.68,0.68,0.68
filled_map	item/filled_map,item/filled_map_markings	0,-90,25,1.13,3.2,1.13,0.68,0.68,0.68
fire_charge	item/fire_charge	0,-90,25,1.13,3.2,1.13,0.68,0.68,0.68
fire_coral	block/fire_coral	0,-90,25,1.13,3.2,1.13,0.68,0.68,0.68
fire_coral_fan	block/fire_coral_fan	0,-90,25,1.13,3.2,1.13,0.68,0.68,0.68
firework_rocket	item/firework_rocket	0,-90,25,1.13,3.2,1.13,0.68,0.68,0.68
firework_star	item/firework_star,item/firework_star_overlay	0,-90,25,1.13,3.2,1.13,0.68,0.68,0.68
fishing_rod	item/fishing_rod	0,90,25,0,1.6,0.8,0.68,0.68,0.68
fishing_rod_cast	item/fishing_rod_cast	0,90,25,0,1.6,0.8,0.68,0.68,0.68
flint	item/flint	0,-90,25,1.13,3.2,1.13,0.68,0.68,0.68
flint_and_steel	item/flint_and_steel	0,-90,25,1.13,3.2,1.13,0.68,0.68,0.68
flower_banner_pattern	item/flower_banner_pattern	0,-90,25,1.13,3.2,1.13,0.68,0.68,0.68
flower_pot	item/flower_pot	0,-90,25,1.13,3.2,1.13,0.68,0.68,0.68
fox_spawn_egg	item/spawn_egg,item/spawn_egg_overlay	0,-90,25,1.13,3.2,1.13,0.68,0.68,0.68
friend_pottery_sherd	item/friend_pottery_sherd	0,-90,25,1.13,3.2,1.13,0.68,0.68,0.68
frog_spawn_egg	item/spawn_egg,item/spawn_egg_overlay	0,-90,25,1.13,3.2,1.13,0.68,0.68,0.68
frogspawn	block/frogspawn	0,-90,25,1.13,3.2,1.13,0.68,0.68,0.68
furnace_minecart	item/furnace_minecart	0,-90,25,1.13,3.2,1.13,0.68,0.68,0.68
ghast_spawn_egg	item/spawn_egg,item/spawn_egg_overlay	0,-90,25,1.13,3.2,1.13,0.68,0.68,0.68
ghast_tear	item/ghast_tear	0,-90,25,1.13,3.2,1.13,0.68,0.68,0.68
glass_bottle	item/glass_bottle	0,-90,25,1.13,3.2,1.13,0.68,0.68,0.68
glass_pane	block/glass	0,-90,25,1.13,3.2,1.13,0.68,0.68,0.68
glistering_melon_slice	item/glistering_melon_slice	0,-90,25,1.13,3.2,1.13,0.68,0.68,0.68
globe_banner_pattern	item/globe_banner_pattern	0,-90,25,1.13,3.2,1.13,0.68,0.68,0.68
glow_berries	item/glow_berries	0,-90,25,1.13,3.2,1.13,0.68,0.68,0.68
glow_ink_sac	item/glow_ink_sac	0,-90,25,1.13,3.2,1.13,0.68,0.68,0.68
glow_item_frame	item/glow_item_frame	0,-90,25,1.13,3.2,1.13,0.68,0.68,0.68
glow_lichen	block/glow_lichen	0,-90,25,1.13,3.2,1.13,0.68,0.68,0.68
glow_squid_spawn_egg	item/spawn_egg,item/spawn_egg_overlay	0,-90,25,1.13,3.2,1.13,0.68,0.68,0.68
glowstone_dust	item/glowstone_dust	0,-90,25,1.13,3.2,1.13,0.68,0.68,0.68
goat_horn	item/goat_horn	0,-90,25,1.13,3.2,1.13,0.68,0.68,0.68
goat_spawn_egg	item/spawn_egg,item/spawn_egg_overlay	0,-90,25,1.13,3.2,1.13,0.68,0.68,0.68
gold_ingot	item/gold_ingot	0,-90,25,1.13,3.2,1.13,0.68,0.68,0.68
gold_nugget	item/gold_nugget	0,-90,25,1.13,3.2,1.13,0.68,0.68,0.68
golden_apple	item/golden_apple	0,-90,25,1.13,3.2,1.13,0.68,0.68,0.68
golden_axe	item/golden_axe	0,-90,25,1.13,3.2,1.13,0.68,0.68,0.68
golden_boots	item/golden_boots	0,-90,25,1.13,3.2,1.13,0.68,0.68,0.68
golden_boots_amethyst_trim	item/golden_boots,trims/items/boots_trim@amethyst	0,-90,25,1.13,3.2,1.13,0.68,0.68,0.68
golden_boots_copper_trim	item/golden_boots,trims/items/boots_trim@copper	0,-90,25,1.13,3.2,1.13,0.68,0.68,0.68
golden_boots_diamond_trim	item/golden_boots,trims/items/boots_trim@diamond	0,-90,25,1.13,3.2,1.13,0.68,0.68,0.68
golden_boots_emerald_trim	item/golden_boots,trims/items/boots_trim@emerald	0,-90,25,1.13,3.2,1.13,0.68,0.68,0.68
golden_boots_gold_darker_trim	item/golden_boots,trims/items/boots_trim@gold_darker	0,-90,25,1.13,3.2,1.13,0.68,0.68,0.68
golden_boots_iron_trim	item/golden_boots,trims/items/boots_trim@iron	0,-90,25,1.13,3.2,1.13,0.68,0.68,0.68
golden_boots_lapis_trim	item/golden_boots,trims/items/boots_trim@lapis	0,-90,25,1.13,3.2,1.13,0.68,0.68,0.68
golden_boots_netherite_trim	item/golden_boots,trims/items/boots_trim@netherite	0,-90,25,1.13,3.2,1.13,0.68,0.68,0.68
golden_boots_quartz_trim	item/golden_boots,trims/items/boots_trim@quartz	0,-90,25,1.13,3.2,1.13,0.68,0.68,0.68
golden_boots_redstone_trim	item/golden_boots,trims/items/boots_trim@redstone	0,-90,25,1.13,3.2,1.13,0.68,0.68,0.68
golden_carrot	item/golden_carrot	0,-90,25,1.13,3.2,1.13,0.68,0.68,0.68
golden_chestplate	item/golden_chestplate	0,-90,25,1.13,3.2,1.13,0.68,0.68,0.68
golden_chestplate_amethyst_trim	item/golden_chestplate,trims/items/chestplate_trim@amethyst	0,-90,25,1.13,3.2,1.13,0.68,0.68,0.68
golden_chestplate_copper_trim	item/golden_chestplate,trims/items/chestplate_trim@copper	0,-90,25,1.13,3.2,1.13,0.68,0.68,0.68
golden_chestplate_diamond_trim	item/golden_chestplate,trims/items/chestplate_trim@diamond	0,-90,25,1.13,3.2,1.13,0.68,0.68,0.68
golden_chestplate_emerald_trim	item/golden_chestplate,trims/items/chestplate_trim@emerald	0,-90,25,1.13,3.2,1.13,0.68,0.68,0.68
golden_chestplate_gold_darker_trim	item/golden_chestplate,trims/items/chestplate_trim@gold_darker	0,-90,25,1.13,3.2,1.13,0.68,0.68,0.68
golden_chestplate_iron_trim	item/golden_chestplate,trims/items/chestplate_trim@iron	0,-90,25,1.13,3.2,1.13,0.68,0.68,0.68
golden_chestplate_lapis_trim	item/golden_chestplate,trims/items/chestplate_trim@lapis	0,-90,25,1.13,3.2,1.13,0.68,0.68,0.68
golden_chestplate_netherite_trim	item/golden_chestplate,trims/items/chestplate_trim@netherite	0,-90,25,1.13,3.2,1.13,0.68,0.68,0.68
golden_chestplate_quartz_trim	item/golden_chestplate,trims/items/chestplate_trim@quartz	0,-90,25,1.13,3.2,1.13,0.68,0.68,0.68
golden_chestplate_redstone_trim	item/golden_chestplate,trims/items/chestplate_trim@redstone	0,-90,25,1.13,3.2,1.13,0.68,0.68,0.68
golden_helmet	item/golden_helmet	0,-90,25,1.13,3.2,1.13,0.68,0.68,0.68
golden_helmet_amethyst_trim	item/golden_helmet,trims/items/helmet_trim@amethyst	0,-90,25,1.13,3.2,1.13,0.68,0.68,0.68
golden_helmet_copper_trim	item/golden_helmet,trims/items/helmet_trim@copper	0,-90,25,1.13,3.2,1.13,0.68,0.68,0.68
golden_helmet_diamond_trim	item/golden_helmet,trims/items/helmet_trim@diamond	0,-90,25,1.13,3.2,1.13,0.68,0.68,0.68
golden_helmet_emerald_trim	item/golden_helmet,trims/items/helmet_trim@emerald	0,-90,25,1.13,3.2,1.13,0.68,0.68,0.68
golden_helmet_gold_darker_trim	item/golden_helmet,trims/items/helmet_trim@gold_darker	0,-90,25,1.13,3.2,1.13,0.68,0.68,0.68
golden_helmet_iron_trim	item/golden_helmet,trims/items/helmet_trim@iron	0,-90,25,1.13,3.2,1.13,0.68,0.68,0.68
golden_helmet_lapis_trim	item/golden_helmet,trims/items/helmet_trim@lapis	0,-90,25,1.13,3.2,1.13,0.68,0.68,0.68
golden_helmet_netherite_trim	item/golden_helmet,trims/items/helmet_trim@netherite	0,-90,25,1.13,3.2,1.13,0.68,0.68,0.68
golden_helmet_quartz_trim	item/golden_helmet,trims/items/helmet_trim@quartz	0,-90,25,1.13,3.2,1.13,0.68,0.68,0.68
golden_helmet_redstone_trim	item/golden_helmet,trims/items/helmet_trim@redstone	0,-90,25,1.13,3.2,1.13,0.68,0.68,0.68
golden_hoe	item/golden_hoe	0,-90,25,1.13,3.2,1.13,0.68,0.68,0.68
golden_horse_armor	item/golden_horse_armor	0,-90,25,1.13,3.2,1.13,0.68,0.68,0.68
golden_leggings	item/golden_leggings	0,-90,25,1.13,3.2,1.13,0.68,0.68,0.68
golden_leggings_amethyst_trim	item/golden_leggings,trims/items/leggings_trim@amethyst	0,-90,25,1.13,3.2,1.13,0.68,0.68,0.68
golden_leggings_copper_trim	item/golden_leggings,trims/items/leggings_trim@copper	0,-90,25,1.13,3.2,1.13,0.68,0.68,0.68
golden_leggings_diamond_trim	item/golden_leggings,trims/items/leggings_trim@diamond	0,-90,25,1.13,3.2,1.13,0.68,0.68,0.68
golden_leggings_emerald_trim	item/golden_leggings,trims/items/leggings_trim@emerald	0,-90,25,1.13,3.2,1.13,0.68,0.68,0.68
golden_leggings_gold_darker_trim	item/golden_leggings,trims/items/leggings_trim@gold_darker	0,-90,25,1.13,3.2,1.13,0.68,0.68,0.68
golden_leggings_iron_trim	item/golden_leggings,trims/items/leggings_trim@iron	0,-90,25,1.13,3.2,1.13,0.68,0.68,0.68
golden_leggings_lapis_trim	item/golden_leggings,trims/items/leggings_trim@lapis	0,-90,25,1.13,3.2,1.13,0.68,0.68,0.68
golden_leggings_netherite_trim	item/golden_leggings,trims/items/leggings_trim@netherite	0,-90,25,1.13,3.2,1.13,0.68,0.68,0.68
golden_leggings_quartz_trim	item/golden_leggings,trims/items/leggings_trim@quartz	0,-90,25,1.13,3.2,1.13,0.68,0.68,0.68
golden_leggings_redstone_trim	item/golden_leggings,trims/items/leggings_trim@redstone	0,-90,25,1.13,3.2,1.13,0.68,0.68,0.68
golden_pickaxe	item/golden_pickaxe	0,-90,25,1.13,3.2,1.13,0.68,0.68,0.68
golden_shovel	item/golden_shovel	0,-90,25,1.13,3.2,1.13,0.68,0.68,0.68
golden_sword	item/golden_sword	0,-90,25,1.13,3.2,1.13,0.68,0.68,0.68
grass	block/grass	0,-90,25,1.13,3.2,1.13,0.68,0.68,0.68
gray_candle	item/gray_candle	0,-90,25,1.13,3.2,1.13,0.68,0.68,0.68
gray_dye	item/gray_dye	0,-90,25,1.13,3.2,1.13,0.68,0.68,0.68
gray_stained_glass_pane	block/gray_stained_glass	0,-90,25,1.13,3.2,1.13,0.68,0.68,0.68
green_candle	item/green_candle	0,-90,25,1.13,3.2,1.13,0.68,0.68,0.68
green_dye	item/green_dye	0,-90,25,1.13,3.2,1.13,0.68,0.68,0.68
green_stained_glass_pane	block/green_stained_glass	0,-90,25,1.13,3.2,1.13,0.68,0.68,0.68
guardian_spawn_egg	item/spawn_egg,item/spawn_egg_overlay	0,-90,25,1.13,3.2,1.13,0.68,0.68,0.68
gunpowder	item/gunpowder	0,-90,25,1.13,3.2,1.13,0.68,0.68,0.68
hanging_roots	block/hanging_roots	0,-90,25,1.13,0,1.13,0.68,0.68,0.68
heart_of_the_sea	item/heart_of_the_sea	0,-90,25,1.13,3.2,1.13,0.68,0.68,0.68
heart_pottery_sherd	item/heart_pottery_sherd	0,-90,25,1.13,3.2,1.13,0.68,0.68,0.68
heartbreak_pottery_sherd	item/heartbreak_pottery_sherd	0,-90,25,1.13,3.2,1.13,0.68,0.68,0.68
hoglin_spawn_egg	item/spawn_egg,item/spawn_egg_overlay	0,-90,25,1.13,3.2,1.13,0.68,0.68,0.68
honey_bottle	item/honey_bottle	0,-90,25,1.13,3.2,1.13,0.68,0.68,0.68
honeycomb	item/honeycomb	0,-90,25,1.13,3.2,1.13,0.68,0.68,0.68
hopper	item/hopper	0,-90,25,1.13,3.2,1.13,0.68,0.68,0.68
hopper_minecart	item/hopper_minecart	0,-90,25,1.13,3.2,1.13,0.68,0.68,0.68
horn_coral	block/horn_coral	0,-90,25,1.13,3.2,1.13,0.68,0.68,0.68
horn_coral_fan	block/horn_coral_fan	0,-90,25,1.13,3.2,1.13,0.68,0.68,0.68
horse_spawn_egg	item/spawn_egg,item/spawn_egg_overlay	0,-90,25,1.13,3.2,1.13,0.68,0.68,0.68
host_armor_trim_smithing_template	item/host_armor_trim_smithing_template	0,-90,25,1.13,3.2,1.13,0.68,0.68,0.68
howl_pottery_sherd	item/howl_pottery_sherd	0,-90,25,1.13,3.2,1.13,0.68,0.68,0.68
husk_spawn_egg	item/spawn_egg,item/spawn_egg_overlay	0,-90,25,1.13,3.2,1.13,0.68,0.68,0.68
ink_sac	item/ink_sac	0,-90,25,1.13,3.2,1.13,0.68,0.68,0.68
iron_axe	item/iron_axe	0,-90,25,1.13,3.2,1.13,0.68,0.68,0.68
iron_bars	block/iron_bars	0,-90,25,1.13,3.2,1.13,0.68,0.68,0.68
iron_boots	item/iron_boots	0,-90,25,1.13,3.2,1.13,0.68,0.68,0.68
iron_boots_amethyst_trim	item/iron_boots,trims/items/boots_trim@amethyst	0,-90,25,1.13,3.2,1.13,0.68,0.68,0.68
iron_boots_copper_trim	item/iron_boots,trims/items/boots_trim@copper	0,-90,25,1.13,3.2,1.13,0.68,0.68,0.68
iron_boots_diamond_trim	item/iron_boots,trims/items/boots_trim@diamond	0,-90,25,1.13,3.2,1.13,0.68,0.68,0.68
iron_boots_emerald_trim	item/iron_boots,trims/items/boots_trim@emerald	0,-90,25,1.13,3.2,1.13,0.68,0.68,0.68
iron_boots_gold_trim	item/iron_boots,trims/items/boots_trim@gold	0,-90,25,1.13,3.2,1.13,0.68,0.68,0.68
iron_boots_iron_darker_trim	item/iron_boots,trims/items/boots_trim@iron_darker	0,-90,25,1.13,3.2,1.13,0.68,0.68,0.68
iron_boots_lapis_trim	item/iron_boots,trims/items/boots_trim@lapis	0,-90,25,1.13,3.2,1.13,0.68,0.68,0.68
iron_boots_netherite_trim	item/iron_boots,trims/items/boots_trim@netherite	0,-90,25,1.13,3.2,1.13,0.68,0.68,0.68
iron_boots_quartz_trim	item/iron_boots,trims/items/boots_trim@quartz	0,-90,25,1.13,3.2,1.13,0.68,0.68,0.68
iron_boots_redstone_trim	item/iron_boots,trims/items/boots_trim@redstone	0,-90,25,1.13,3.2,1.13,0.68,0.68,0.68
iron_chestplate	item/iron_chestplate	0,-90,25,1.13,3.2,1.13,0.68,0.68,0.68
iron_chestplate_amethyst_trim	item/iron_chestplate,trims/items/chestplate_trim@amethyst	0,-90,25,1.13,3.2,1.13,0.68,0.68,0.68
iron_chestplate_copper_trim	item/iron_chestplate,trims/items/chestplate_trim@copper	0,-90,25,1.13,3.2,1.13,0.68,0.68,0.68
iron_chestplate_diamond_trim	item/iron_chestplate,trims/items/chestplate_trim@diamond	0,-90,25,1.13,3.2,1.13,0.68,0.68,0.68
iron_chestplate_emerald_trim	item/iron_chestplate,trims/items/chestplate_trim@emerald	0,-90,25,1.13,3.2,1.13,0.68,0.68,0.68
iron_chestplate_gold_trim	item/iron_chestplate,trims/items/chestplate_trim@gold	0,-90,25,1.13,3.2,1.13,0.68,0.68,0.68
iron_chestplate_iron_darker_trim	item/iron_chestplate,trims/items/chestplate_trim@iron_darker	0,-90,25,1.13,3.2,1.13,0.68,0.68,0.68
iron_chestplate_lapis_trim	item/iron_chestplate,trims/items/chestplate_trim@lapis	0,-90,25,1.13,3.2,1.13,0.68,0.68,0.68
iron_chestplate_netherite_trim	item/iron_chestplate,trims/items/chestplate_trim@netherite	0,-90,25,1.13,3.2,1.13,0.68,0.68,0.68
iron_chestplate_quartz_trim	item/iron_chestplate,trims/items/chestplate_trim@quartz	0,-90,25,1.13,3.2,1.13,0.68,0.68,0.68
iron_chestplate_redstone_trim	item/iron_chestplate,trims/items/chestplate_trim@redstone	0,-90,25,1.13,3.2,1.13,0.68,0.68,0.68
iron_door	item/iron_door	0,-90,25,1.13,3.2,1.13,0.68,0.68,0.68
iron_golem_spawn_egg	item/spawn_egg,item/spawn_egg_overlay	0,-90,25,1.13,3.2,1.13,0.68,0.68,0.68
iron_helmet	item/iron_helmet	0,-90,25,1.13,3.2,1.13,0.68,0.68,0.68
iron_helmet_amethyst_trim	item/iron_helmet,trims/items/helmet_trim@amethyst	0,-90,25,1.13,3.2,1.13,0.68,0.68,0.68
iron_helmet_copper_trim	item/iron_helmet,trims/items/helmet_trim@copper	0,-90,25,1.13,3.2,1.13,0.68,0.68,0.68
iron_helmet_diamond_trim	item/iron_helmet,trims/items/helmet_trim@diamond	0,-90,25,1.13,3.2,1.13,0.68,0.68,0.68
iron_helmet_emerald_trim	item/iron_helmet,trims/items/helmet_trim@emerald	0,-90,25,1.13,3.2,1.13,0.68,0.68,0.68
iron_helmet_gold_trim	item/iron_helmet,trims/items/helmet_trim@gold	0,-90,25,1.13,3.2,1.13,0.68,0.68,0.68
iron_helmet_iron_darker_trim	item/iron_helmet,trims/items/helmet_trim@iron_darker	0,-90,25,1.13,3.2,1.13,0.68,0.68,0.68
iron_helmet_lapis_trim	item/iron_helmet,trims/items/helmet_trim@lapis	0,-90,25,1.13,3.2,1.13,0.68,0.68,0.68
iron_helmet_netherite_trim	item/iron_helmet,trims/items/helmet_trim@netherite	0,-90,25,1.13,3.2,1.13,0.68,0.68,0.68
iron_helmet_quartz_trim	item/iron_helmet,trims/items/helmet_trim@quartz	0,-90,25,1.13,3.2,1.13,0.68,0.68,0.68
iron_helmet_redstone_trim	item/iron_helmet,trims/items/helmet_trim@redstone	0,-90,25,1.13,3.2,1.13,0.68,0.68,0.68
iron_hoe	item/iron_hoe	0,-90,25,1.13,3.2,1.13,0.68,0.68,0.68
iron_horse_armor	item/iron_horse_armor	0,-90,25,1.13,3.2,1.13,0.68,0.68,0.68
iron_ingot	item/iron_ingot	0,-90,25,1.13,3.2,1.13,0.68,0.68,0.68
iron_leggings	item/iron_leggings	0,-90,25,1.13,3.2,1.13,0.68,0.68,0.68
iron_leggings_amethyst_trim	item/iron_leggings,trims/items/leggings_trim@amethyst	0,-90,25,1.13,3.2,1.13,0.68,0.68,0.68
iron_leggings_copper_trim	item/iron_leggings,trims/items/leggings_trim@copper	0,-90,25,1.13,3.2,1.13,0.68,0.68,0.68
iron_leggings_diamond_trim	item/iron_leggings,trims/items/leggings_trim@diamond	0,-90,25,1.13,3.2,1.13,0.68,0.68,0.68
iron_leggings_emerald_trim	item/iron_leggings,trims/items/leggings_trim@emerald	0,-90,25,1.13,3.2,1.13,0.68,0.68,0.68
iron_leggings_gold_trim	item/iron_leggings,trims/items/leggings_trim@gold	0,-90,25,1.13,3.2,1.13,0.68,0.68,0.68
iron_leggings_iron_darker_trim	item/iron_leggings,trims/items/leggings_trim@iron_darker	0,-90,25,1.13,3.2,1.13,0.68,0.68,0.68
iron_leggings_lapis_trim	item/iron_leggings,trims/items/leggings_trim@lapis	0,-90,25,1.13,3.2,1.13,0.68,0.68,0.68
iron_leggings_netherite_trim	item/iron_leggings,trims/items/leggings_trim@netherite	0,-90,25,1.13,3.2,1.13,0.68,0.68,0.68
iron_leggings_quartz_trim	item/iron_leggings,trims/items/leggings_trim@quartz	0,-90,25,1.13,3.2,1.13,0.68,0.68,0.68
iron_leggings_redstone_trim	item/iron_leggings,trims/items/leggings_trim@redstone	0,-90,25,1.13,3.2,1.13,0.68,0.68,0.68
iron_nugget	item/iron_nugget	0,-90,25,1.13,3.2,1.13,0.68,0.68,0.68
iron_pickaxe	item/iron_pickaxe	0,-90,25,1.13,3.2,1.13,0.68,0.68,0.68
iron_shovel	item/iron_shovel	0,-90,25,1.13,3.2,1.13,0.68,0.68,0.68
iron_sword	item/iron_sword	0,-90,25,1.13,3.2,1.13,0.68,0.68,0.68
item_frame	item/item_frame	0,-90,25,1.13,3.2,1.13,0.68,0.68,0.68
jungle_boat	item/jungle_boat	0,-90,25,1.13,3.2,1.13,0.68,0.68,0.68
jungle_chest_boat	item/jungle_chest_boat	0,-90,25,1.13,3.2,1.13,0.68,0.68,0.68
jungle_door	item/jungle_door	0,-90,25,1.13,3.2,1.13,0.68,0.68,0.68
jungle_hanging_sign	item/jungle_hanging_sign	0,-90,25,1.13,3.2,1.13,0.68,0.68,0.68
jungle_sapling	block/jungle_sapling	0,-90,25,1.13,3.2,1.13,0.68,0.68,0.68
jungle_sign	item/jungle_sign	0,-90,25,1.13,3.2,1.13,0.68,0.68,0.68
kelp	item/kelp	0,-90,25,1.13,3.2,1.13,0.68,0.68,0.68
knowledge_book	item/knowledge_book	0,-90,25,1.13,3.2,1.13,0.68,0.68,0.68
ladder	block/ladder	0,-90,25,1.13,3.2,1.13,0.68,0.68,0.68
lantern	item/lantern	0,-90,25,1.13,3.2,1.13,0.68,0.68,0.68
lapis_lazuli	item/lapis_lazuli	0,-90,25,1.13,3.2,1.13,0.68,0.68,0.68
large_amethyst_bud	block/large_amethyst_bud	0,-90,25,0,5,0,0.68,0.68,0.68
large_fern	block/large_fern_top	0,-90,25,1.13,3.2,1.13,0.68,0.68,0.68
lava_bucket	item/lava_bucket	0,-90,25,1.13,3.2,1.13,0.68,0.68,0.68
lead	item/lead	0,-90,25,1.13,3.2,1.13,0.68,0.68,0.68
leather	item/leather	0,-90,25,1.13,3.2,1.13,0.68,0.68,0.68
leather_boots	item/leather_boots,item/leather_boots_overlay	0,-90,25,1.13,3.2,1.13,0.68,0.68,0.68
leather_boots_amethyst_trim	item/leather_boots,item/leather_boots_overlay,trims/items/boots_trim@amethyst	0,-90,25,1.13,3.2,1.13,0.68,0.68,0.68
leather_boots_copper_trim	item/leather_boots,item/leather_boots_overlay,trims/items/boots_trim@copper	0,-90,25,1.13,3.2,1.13,0.68,0.68,0.68
leather_boots_diamond_trim	item/leather_boots,item/leather_boots_overlay,trims/items/boots_trim@diamond	0,-90,25,1.13,3.2,1.13,0.68,0.68,0.68
leather_boots_emerald_trim	item/leather_boots,item/leather_boots_overlay,trims/items/boots_trim@emerald	0,-90,25,1.13,3.2,1.13,0.68,0.68,0.68
leather_boots_gold_trim	item/leather_boots,item/leather_boots_overlay,trims/items/boots_trim@gold	0,-90,25,1.13,3.2,1.13,0.68,0.68,0.68
leather_boots_iron_trim	item/leather_boots,item/leather_boots_overlay,trims/items/boots_trim@iron	0,-90,25,1.13,3.2,1.13,0.68,0.68,0.68
leather_boots_lapis_trim	item/leather_boots,item/leather_boots_overlay,trims/items/boots_trim@lapis	0,-90,25,1.13,3.2,1.13,0.68,0.68,0.68
leather_boots_netherite_trim	item/leather_boots,item/leather_boots_overlay,trims/items/boots_trim@netherite	0,-90,25,1.13,3.2,1.13,0.68,0.68,0.68
leather_boots_quartz_trim	item/leather_boots,item/leather_boots_overlay,trims/items/boots_trim@quartz	0,-90,25,1.13,3.2,1.13,0.68,0.68,0.68
leather_boots_redstone_trim	item/leather_boots,item/leather_boots_overlay,trims/items/boots_trim@redstone	0,-90,25,1.13,3.2,1.13,0.68,0.68,0.68
leather_chestplate	item/leather_chestplate,item/leather_chestplate_overlay	0,-90,25,1.13,3.2,1.13,0.68,0.68,0.68
leather_chestplate_amethyst_trim	item/leather_chestplate,item/leather_chestplate_overlay,trims/items/chestplate_trim@amethyst	0,-90,25,1.13,3.2,1.13,0.68,0.68,0.68
leather_chestplate_copper_trim	item/leather_chestplate,item/leather_chestplate_overlay,trims/items/chestplate_trim@copper	0,-90,25,1.13,3.2,1.13,0.68,0.68,0.68
leather_chestplate_diamond_trim	item/leather_chestplate,item/leather_chestplate_overlay,trims/items/chestplate_trim@diamond	0,-90,25,1.13,3.2,1.13,0.68,0.68,0.68
leather_chestplate_emerald_trim	item/leather_chestplate,item/leather_chestplate_overlay,trims/items/chestplate_trim@emerald	0,-90,25,1.13,3.2,1.13,0.68,0.68,0.68
leather_chestplate_gold_trim	item/leather_chestplate,item/leather_chestplate_overlay,trims/items/chestplate_trim@gold	0,-90,25,1.13,3.2,1.13,0.68,0.68,0.68
leather_chestplate_iron_trim	item/leather_chestplate,item/leather_chestplate_overlay,trims/items/chestplate_trim@iron	0,-90,25,1.13,3.2,1.13,0.68,0.68,0.68
leather_chestplate_lapis_trim	item/leather_chestplate,item/leather_chestplate_overlay,trims/items/chestplate_trim@lapis	0,-90,25,1.13,3.2,1.13,0.68,0.68,0.68
leather_chestplate_netherite_trim	item/leather_chestplate,item/leather_chestplate_overlay,trims/items/chestplate_trim@netherite	0,-90,25,1.13,3.2,1.13,0.68,0.68,0.68
leather_chestplate_quartz_trim	item/leather_chestplate,item/leather_chestplate_overlay,trims/items/chestplate_trim@quartz	0,-90,25,1.13,3.2,1.13,0.68,0.68,0.68
leather_chestplate_redstone_trim	item/leather_chestplate,item/leather_chestplate_overlay,trims/items/chestplate_trim@redstone	0,-90,25,1.13,3.2,1.13,0.68,0.68,0.68
leather_helmet	item/leather_helmet,item/leather_helmet_overlay	0,-90,25,1.13,3.2,1.13,0.68,0.68,0.68
leather_helmet_amethyst_trim	item/leather_helmet,item/leather_helmet_overlay,trims/items/helmet_trim@amethyst	0,-90,25,1.13,3.2,1.13,0.68,0.68,0.68
leather_helmet_copper_trim	item/leather_helmet,item/leather_helmet_overlay,trims/items/helmet_trim@copper	0,-90,25,1.13,3.2,1.13,0.68,0.68,0.68
leather_helmet_diamond_trim	item/leather_helmet,item/leather_helmet_overlay,trims/items/helmet_trim@diamond	0,-90,25,1.13,3.2,1.13,0.68,0.68,0.68
leather_helmet_emerald_trim	item/leather_helmet,item/leather_helmet_overlay,trims/items/helmet_trim@emerald	0,-90,25,1.13,3.2,1.13,0.68,0.68,0.68
leather_helmet_gold_trim	item/leather_helmet,item/leather_helmet_overlay,trims/items/helmet_trim@gold	0,-90,25,1.13,3.2,1.13,0.68,0.68,0.68
leather_helmet_iron_trim	item/leather_helmet,item/leather_helmet_overlay,trims/items/helmet_trim@iron	0,-90,25,1.13,3.2,1.13,0.68,0.68,0.68
leather_helmet_lapis_trim	item/leather_helmet,item/leather_helmet_overlay,trims/items/helmet_trim@lapis	0,-90,25,1.13,3.2,1.13,0.68,0.68,0.68
leather_helmet_netherite_trim	item/leather_helmet,item/leather_helmet_overlay,trims/items/helmet_trim@netherite	0,-90,25,1.13,3.2,1.13,0.68,0.68,0.68
leather_helmet_quartz_trim	item/leather_helmet,item/leather_helmet_overlay,trims/items/helmet_trim@quartz	0,-90,25,1.13,3.2,1.13,0.68,0.68,0.68
leather_helmet_redstone_trim	item/leather_helmet,item/leather_helmet_overlay,trims/items/helmet_trim@redstone	0,-90,25,1.13,3.2,1.13,0.68,0.68,0.68
leather_horse_armor	item/leather_horse_armor	0,-90,25,1.13,3.2,1.13,0.68,0.68,0.68
leather_leggings	item/leather_leggings,item/leather_leggings_overlay	0,-90,25,1.13,3.2,1.13,0.68,0.68,0.68
leather_leggings_amethyst_trim	item/leather_leggings,item/leather_leggings_overlay,trims/items/leggings_trim@amethyst	0,-90,25,1.13,3.2,1.13,0.68,0.68,0.68
leather_leggings_copper_trim	item/leather_leggings,item/leather_leggings_overlay,trims/items/leggings_trim@copper	0,-90,25,1.13,3.2,1.13,0.68,0.68,0.68
leather_leggings_diamond_trim	item/leather_leggings,item/leather_leggings_overlay,trims/items/leggings_trim@diamond	0,-90,25,1.13,3.2,1.13,0.68,0.68,0.68
leather_leggings_emerald_trim	item/leather_leggings,item/leather_leggings_overlay,trims/items/leggings_trim@emerald	0,-90,25,1.13,3.2,1.13,0.68,0.68,0.68
leather_leggings_gold_trim	item/leather_leggings,item/leather_leggings_overlay,trims/items/leggings_trim@gold	0,-90,25,1.13,3.2,1.13,0.68,0.68,0.68
leather_leggings_iron_trim	item/leather_leggings,item/leather_leggings_overlay,trims/items/leggings_trim@iron	0,-90,25,1.13,3.2,1.13,0.68,0.68,0.68
leather_leggings_lapis_trim	item/leather_leggings,item/leather_leggings_overlay,trims/items/leggings_trim@lapis	0,-90,25,1.13,3.2,1.13,0.68,0.68,0.68
leather_leggings_netherite_trim	item/leather_leggings,item/leather_leggings_overlay,trims/items/leggings_trim@netherite	0,-90,25,1.13,3.2,1.13,0.68,0.68,0.68
leather_leggings_quartz_trim	item/leather_leggings,item/leather_leggings_overlay,trims/items/leggings_trim@quartz	0,-90,25,1.13,3.2,1.13,0.68,0.68,0.68
leather_leggings_redstone_trim	item/leather_leggings,item/leather_leggings_overlay,trims/items/leggings_trim@redstone	0,-90,25,1.13,3.2,1.13,0.68,0.68,0.68
lever	block/lever	0,-90,25,1.13,3.2,1.13,0.68,0.68,0.68
light	item/light	0,-90,25,1.13,3.2,1.13,0.68,0.68,0.68
light_00	item/light_00	0,-90,25,1.13,3.2,1.13,0.68,0.68,0.68
light_01	item/light_01	0,-90,25,1.13,3.2,1.13,0.68,0.68,0.68
light_02	item/light_02	0,-90,25,1.13,3.2,1.13,0.68,0.68,0.68
light_03	item/light_03	0,-90,25,1.13,3.2,1.13,0.68,0.68,0.68
light_04	item/light_04	0,-90,25,1.13,3.2,1.13,0.68,0.68,0.68
light_05	item/light_05	0,-90,25,1.13,3.2,1.13,0.68,0.68,0.68
light_06	item/light_06	0,-90,25,1.13,3.2,1.13,0.68,0.68,0.68
light_07	item/light_07	0,-90,25,1.13,3.2,1.13,0.68,0.68,0.68
light_08	item/light_08	0,-90,25,1.13,3.2,1.13,0.68,0.68,0.68
light_09	item/light_09	0,-90,25,1.13,3.2,1.13,0.68,0.68,0.68
light_10	item/light_10	0,-90,25,1.13,3.2,1.13,0.68,0.68,0.68
light_11	item/light_11	0,-90,25,1.13,3.2,1.13,0.68,0.68,0.68
light_12	item/light_12	0,-90,25,1.13,3.2,1.13,0.68,0.68,0.68
light_13	item/light_13	0,-90,25,1.13,3.2,1.13,0.68,0.68,0.68
light_14	item/light_14	0,-90,25,1.13,3.2,1.13,0.68,0.68,0.68
light_15	item/light_15	0,-90,25,1.13,3.2,1.13,0.68,0.68,0.68
light_blue_candle	item/light_blue_candle	0,-90,25,1.13,3.2,1.13,0.68,0.68,0.68
light_blue_dye	item/light_blue_dye	0,-90,25,1.13,3.2,1.13,0.68,0.68,0.68
light_blue_stained_glass_pane	block/light_blue_stained_glass	0,-90,25,1.13,3.2,1.13,0.68,0.68,0.68
light_gray_candle	item/light_gray_candle	0,-90,25,1.13,3.2,1.13,0.68,0.68,0.68
light_gray_dye	item/light_gray_dye	0,-90,25,1.13,3.2,1.13,0.68,0.68,0.68
light_gray_stained_glass_pane	block/light_gray_stained_glass	0,-90,25,1.13,3.2,1.13,0.68,0.68,0.68
lilac	block/lilac_top	0,-90,25,1.13,3.2,1.13,0.68,0.68,0.68
lily_of_the_valley	block/lily_of_the_valley	0,-90,25,1.13,3.2,1.13,0.68,0.68,0.68
lily_pad	block/lily_pad	0,-90,25,1.13,3.2,1.13,0.68,0.68,0.68
lime_candle	item/lime_candle	0,-90,25,1.13,3.2,1.13,0.68,0.68,0.68
lime_dye	item/lime_dye	0,-90,25,1.13,3.2,1.13,0.68,0.68,0.68
lime_stained_glass_pane	block/lime_stained_glass	0,-90,25,1.13,3.2,1.13,0.68,0.68,0.68
lingering_potion	item/potion_overlay,item/lingering_potion	0,-90,25,1.13,3.2,1.13,0.68,0.68,0.68
llama_spawn_egg	item/spawn_egg,item/spawn_egg_overlay	0,-90,25,1.13,3.2,1.13,0.68,0.68,0.68
magenta_candle	item/magenta_candle	0,-90,25,1.13,3.2,1.13,0.68,0.68,0.68
magenta_dye	item/magenta_dye	0,-90,25,1.13,3.2,1.13,0.68,0.68,0.68
magenta_stained_glass_pane	block/magenta_stained_glass	0,-90,25,1.13,3.2,1.13,0.68,0.68,0.68
magma_cream	item/magma_cream	0,-90,25,1.13,3.2,1.13,0.68,0.68,0.68
magma_cube_spawn_egg	item/spawn_egg,item/spawn_egg_overlay	0,-90,25,1.13,3.2,1.13,0.68,0.68,0.68
mangrove_boat	item/mangrove_boat	0,-90,25,1.13,3.2,1.13,0.68,0.68,0.68
mangrove_chest_boat	item/mangrove_chest_boat	0,-90,25,1.13,3.2,1.13,0.68,0.68,0.68
mangrove_door	item/mangrove_door	0,-90,25,1.13,3.2,1.13,0.68,0.68,0.68
mangrove_hanging_sign	item/mangrove_hanging_sign	0,-90,25,1.13,3.2,1.13,0.68,0.68,0.68
mangrove_propagule	item/mangrove_propagule	0,-90,25,1.13,3.2,1.13,0.68,0.68,0.68
mangrove_sign	item/mangrove_sign	0,-90,25,1.13,3.2,1.13,0.68,0.68,0.68
map	item/map	0,-90,25,1.13,3.2,1.13,0.68,0.68,0.68
medium_amethyst_bud	block/medium_amethyst_bud	0,-90,25,0,5,0,0.68,0.68,0.68
melon_seeds	item/melon_seeds	0,-90,25,1.13,3.2,1.13,0.68,0.68,0.68
melon_slice	item/melon_slice	0,-90,25,1.13,3.2,1.13,0.68,0.68,0.68
milk_bucket	item/milk_bucket	0,-90,25,1.13,3.2,1.13,0.68,0.68,0.68
minecart	item/minecart	0,-90,25,1.13,3.2,1.13,0.68,0.68,0.68
miner_pottery_sherd	item/miner_pottery_sherd	0,-90,25,1.13,3.2,1.13,0.68,0.68,0.68
mojang_banner_pattern	item/mojang_banner_pattern	0,-90,25,1.13,3.2,1.13,0.68,0.68,0.68
mooshroom_spawn_egg	item/spawn_egg,item/spawn_egg_overlay	0,-90,25,1.13,3.2,1.13,0.68,0.68,0.68
mourner_pottery_sherd	item/mourner_pottery_sherd	0,-90,25,1.13,3.2,1.13,0.68,0.68,0.68
mule_spawn_egg	item/spawn_egg,item/spawn_egg_overlay	0,-90,25,1.13,3.2,1.13,0.68,0.68,0.68
mushroom_stew	item/mushroom_stew	0,-90,25,1.13,3.2,1.13,0.68,0.68,0.68
music_disc_11	item/music_disc_11	0,-90,25,1.13,3.2,1.13,0.68,0.68,0.68
music_disc_13	item/music_disc_13	0,-90,25,1.13,3.2,1.13,0.68,0.68,0.68
music_disc_5	item/music_disc_5	0,-90,25,1.13,3.2,1.13,0.68,0.68,0.68
music_disc_blocks	item/music_disc_blocks	0,-90,25,1.13,3.2,1.13,0.68,0.68,0.68
music_disc_cat	item/music_disc_cat	0,-90,25,1.13,3.2,1.13,0.68,0.68,0.68
music_disc_chirp	item/music_disc_chirp	0,-90,25,1.13,3.2,1.13,0.68,0.68,0.68
music_disc_far	item/music_disc_far	0,-90,25,1.13,3.2,1.13,0.68,0.68,0.68
music_disc_mall	item/music_disc_mall	0,-90,25,1.13,3.2,1.13,0.68,0.68,0.68
music_disc_mellohi	item/music_disc_mellohi	0,-90,25,1.13,3.2,1.13,0.68,0.68,0.68
music_disc_otherside	item/music_disc_otherside	0,-90,25,1.13,3.2,1.13,0.68,0.68,0.68
music_disc_pigstep	item/music_disc_pigstep	0,-90,25,1.13,3.2,1.13,0.68,0.68,0.68
music_disc_relic	item/music_disc_relic	0,-90,25,1.13,3.2,1.13,0.68,0.68,0.68
music_disc_stal	item/music_disc_stal	0,-90,25,1.13,3.2,1.13,0.68,0.68,0.68
music_disc_strad	item/music_disc_strad	0,-90,25,1.13,3.2,1.13,0.68,0.68,0.68
music_disc_wait	item/music_disc_wait	0,-90,25,1.13,3.2,1.13,0.68,0.68,0.68
music_disc_ward	item/music_disc_ward	0,-90,25,1.13,3.2,1.13,0.68,0.68,0.68
mutton	item/mutton	0,-90,25,1.13,3.2,1.13,0.68,0.68,0.68
name_tag	item/name_tag	0,-90,25,1.13,3.2,1.13,0.68,0.68,0.68
nautilus_shell	item/nautilus_shell	0,-90,25,1.13,3.2,1.13,0.68,0.68,0.68
nether_brick	item/nether_brick	0,-90,25,1.13,3.2,1.13,0.68,0.68,0.68
nether_sprouts	item/nether_sprouts	0,-90,25,1.13,3.2,1.13,0.68,0.68,0.68
nether_star	item/nether_star	0,-90,25,1.13,3.2,1.13,0.68,0.68,0.68
nether_wart	item/nether_wart	0,-90,25,1.13,3.2,1.13,0.68,0.68,0.68
netherite_axe	item/netherite_axe	0,-90,25,1.13,3.2,1.13,0.68,0.68,0.68
netherite_boots	item/netherite_boots	0,-90,25,1.13,3.2,1.13,0.68,0.68,0.68
netherite_boots_amethyst_trim	item/netherite_boots,trims/items/boots_trim@amethyst	0,-90,25,1.13,3.2,1.13,0.68,0.68,0.68
netherite_boots_copper_trim	item/netherite_boots,trims/items/boots_trim@copper	0,-90,25,1.13,3.2,1.13,0.68,0.68,0.68
netherite_boots_diamond_trim	item/netherite_boots,trims/items/boots_trim@diamond	0,-90,25,1.13,3.2,1.13,0.68,0.68,0.68
netherite_boots_emerald_trim	item/netherite_boots,trims/items/boots_trim@emerald	0,-90,25,1.13,3.2,1.13,0.68,0.68,0.68
netherite_boots_gold_trim	item/netherite_boots,trims/items/boots_trim@gold	0,-90,25,1.13,3.2,1.13,0.68,0.68,0.68
netherite_boots_iron_trim	item/netherite_boots,trims/items/boots_trim@iron	0,-90,25,1.13,3.2,1.13,0.68,0.68,0.68
netherite_boots_lapis_trim	item/netherite_boots,trims/items/boots_trim@lapis	0,-90,25,1.13,3.2,1.13,0.68,0.68,0.68
netherite_boots_netherite_darker_trim	item/netherite_boots,trims/items/boots_trim@netherite_darker	0,-90,25,1.13,3.2,1.13,0.68,0.68,0.68
netherite_boots_quartz_trim	item/netherite_boots,trims/items/boots_trim@quartz	0,-90,25,1.13,3.2,1.13,0.68,0.68,0.68
netherite_boots_redstone_trim	item/netherite_boots,trims/items/boots_trim@redstone	0,-90,25,1.13,3.2,1.13,0.68,0.68,0.68
netherite_chestplate	item/netherite_chestplate	0,-90,25,1.13,3.2,1.13,0.68,0.68,0.68
netherite_chestplate_amethyst_trim	item/netherite_chestplate,trims/items/chestplate_trim@amethyst	0,-90,25,1.13,3.2,1.13,0.68,0.68,0.68
netherite_chestplate_copper_trim	item/netherite_chestplate,trims/items/chestplate_trim@copper	0,-90,25,1.13,3.2,1.13,0.68,0.68,0.68
netherite_chestplate_diamond_trim	item/netherite_chestplate,trims/items/chestplate_trim@diamond	0,-90,25,1.13,3.2,1.13,0.68,0.68,0.68
netherite_chestplate_emerald_trim	item/netherite_chestplate,trims/items/chestplate_trim@emerald	0,-90,25,1.13,3.2,1.13,0.68,0.68,0.68
netherite_chestplate_gold_trim	item/netherite_chestplate,trims/items/chestplate_trim@gold	0,-90,25,1.13,3.2,1.13,0.68,0.68,0.68
netherite_chestplate_iron_trim	item/netherite_chestplate,trims/items/chestplate_trim@iron	0,-90,25,1.13,3.2,1.13,0.68,0.68,0.68
netherite_chestplate_lapis_trim	item/netherite_chestplate,trims/items/chestplate_trim@lapis	0,-90,25,1.13,3.2,1.13,0.68,0.68,0.68
netherite_chestplate_netherite_darker_trim	item/netherite_chestplate,trims/items/chestplate_trim@netherite_darker	0,-90,25,1.13,3.2,1.13,0.68,0.68,0.68
netherite_chestplate_quartz_trim	item/netherite_chestplate,trims/items/chestplate_trim@quartz	0,-90,25,1.13,3.2,1.13,0.68,0.68,0.68
netherite_chestplate_redstone_trim	item/netherite_chestplate,trims/items/chestplate_trim@redstone	0,-90,25,1.13,3.2,1.13,0.68,0.68,0.68
netherite_helmet	item/netherite_helmet	0,-90,25,1.13,3.2,1.13,0.68,0.68,0.68
netherite_helmet_amethyst_trim	item/netherite_helmet,trims/items/helmet_trim@amethyst	0,-90,25,1.13,3.2,1.13,0.68,0.68,0.68
netherite_helmet_copper_trim	item/netherite_helmet,trims/items/helmet_trim@copper	0,-90,25,1.13,3.2,1.13,0.68,0.68,0.68
netherite_helmet_diamond_trim	item/netherite_helmet,trims/items/helmet_trim@diamond	0,-90,25,1.13,3.2,1.13,0.68,0.68,0.68
netherite_helmet_emerald_trim	item/netherite_helmet,trims/items/helmet_trim@emerald	0,-90,25,1.13,3.2,1.13,0.68,0.68,0.68
netherite_helmet_gold_trim	item/netherite_helmet,trims/items/helmet_trim@gold	0,-90,25,1.13,3.2,1.13,0.68,0.68,0.68
netherite_helmet_iron_trim	item/netherite_helmet,trims/items/helmet_trim@iron	0,-90,25,1.13,3.2,1.13,0.68,0.68,0.68
netherite_helmet_lapis_trim	item/netherite_helmet,trims/items/helmet_trim@lapis	0,-90,25,1.13,3.2,1.13,0.68,0.68,0.68
netherite_helmet_netherite_darker_trim	item/netherite_helmet,trims/items/helmet_trim@netherite_darker	0,-90,25,1.13,3.2,1.13,0.68,0.68,0.68
netherite_helmet_quartz_trim	item/netherite_helmet,trims/items/helmet_trim@quartz	0,-90,25,1.13,3.2,1.13,0.68,0.68,0.68
netherite_helmet_redstone_trim	item/netherite_helmet,trims/items/helmet_trim@redstone	0,-90,25,1.13,3.2,1.13,0.68,0.68,0.68
netherite_hoe	item/netherite_hoe	0,-90,25,1.13,3.2,1.13,0.68,0.68,0.68
netherite_ingot	item/netherite_ingot	0,-90,25,1.13,3.2,1.13,0.68,0.68,0.68
netherite_leggings	item/netherite_leggings	0,-90,25,1.13,3.2,1.13,0.68,0.68,0.68
netherite_leggings_amethyst_trim	item/netherite_leggings,trims/items/leggings_trim@amethyst	0,-90,25,1.13,3.2,1.13,0.68,0.68,0.68
netherite_leggings_copper_trim	item/netherite_leggings,trims/items/leggings_trim@copper	0,-90,25,1.13,3.2,1.13,0.68,0.68,0.68
netherite_leggings_diamond_trim	item/netherite_leggings,trims/items/leggings_trim@diamond	0,-90,25,1.13,3.2,1.13,0.68,0.68,0.68
netherite_leggings_emerald_trim	item/netherite_leggings,trims/items/leggings_trim@emerald	0,-90,25,1.13,3.2,1.13,0.68,0.68,0.68
netherite_leggings_gold_trim	item/netherite_leggings,trims/items/leggings_trim@gold	0,-90,25,1.13,3.2,1.13,0.68,0.68,0.68
netherite_leggings_iron_trim	item/netherite_leggings,trims/items/leggings_trim@iron	0,-90,25,1.13,3.2,1.13,0.68,0.68,0.68
netherite_leggings_lapis_trim	item/netherite_leggings,trims/items/leggings_trim@lapis	0,-90,25,1.13,3.2,1.13,0.68,0.68,0.68
netherite_leggings_netherite_darker_trim	item/netherite_leggings,trims/items/leggings_trim@netherite_darker	0,-90,25,1.13,3.2,1.13,0.68,0.68,0.68
netherite_leggings_quartz_trim	item/netherite_leggings,trims/items/leggings_trim@quartz	0,-90,25,1.13,3.2,1.13,0.68,0.68,0.68
netherite_leggings_redstone_trim	item/netherite_leggings,trims/items/leggings_trim@redstone	0,-90,25,1.13,3.2,1.13,0.68,0.68,0.68
netherite_pickaxe	item/netherite_pickaxe	0,-90,25,1.13,3.2,1.13,0.68,0.68,0.68
netherite_scrap	item/netherite_scrap	0,-90,25,1.13,3.2,1.13,0.68,0.68,0.68
netherite_shovel	item/netherite_shovel	0,-90,25,1.13,3.2,1.13,0.68,0.68,0.68
netherite_sword	item/netherite_sword	0,-90,25,1.13,3.2,1.13,0.68,0.68,0.68
netherite_upgrade_smithing_template	item/netherite_upgrade_smithing_template	0,-90,25,1.13,3.2,1.13,0.68,0.68,0.68
oak_boat	item/oak_boat	0,-90,25,1.13,3.2,1.13,0.68,0.68,0.68
oak_chest_boat	item/oak_chest_boat	0,-90,25,1.13,3.2,1.13,0.68,0.68,0.68
oak_door	item/oak_door	0,-90,25,1.13,3.2,1.13,0.68,0.68,0.68
oak_hanging_sign	item/oak_hanging_sign	0,-90,25,1.13,3.2,1.13,0.68,0.68,0.68
oak_sapling	block/oak_sapling	0,-90,25,1.13,3.2,1.13,0.68,0.68,0.68
oak_sign	item/oak_sign	0,-90,25,1.13,3.2,1.13,0.68,0.68,0.68
ocelot_spawn_egg	item/spawn_egg,item/spawn_egg_overlay	0,-90,25,1.13,3.2,1.13,0.68,0.68,0.68
orange_candle	item/orange_candle	0,-90,25,1.13,3.2,1.13,0.68,0.68,0.68
orange_dye	item/orange_dye	0,-90,25,1.13,3.2,1.13,0.68,0.68,0.68
orange_stained_glass_pane	block/orange_stained_glass	0,-90,25,1.13,3.2,1.13,0.68,0.68,0.68
orange_tulip	block/orange_tulip	0,-90,25,1.13,3.2,1.13,0.68,0.68,0.68
oxeye_daisy	block/oxeye_daisy	0,-90,25,1.13,3.2,1.13,0.68,0.68,0.68
painting	item/painting	0,-90,25,1.13,3.2,1.13,0.68,0.68,0.68
panda_spawn_egg	item/spawn_egg,item/spawn_egg_overlay	0,-90,25,1.13,3.2,1.13,0.68,0.68,0.68
paper	item/paper	0,-90,25,1.13,3.2,1.13,0.68,0.68,0.68
parrot_spawn_egg	item/spawn_egg,item/spawn_egg_overlay	0,-90,25,1.13,3.2,1.13,0.68,0.68,0.68
peony	block/peony_top	0,-90,25,1.13,3.2,1.13,0.68,0.68,0.68
phantom_membrane	item/phantom_membrane	0,-90,25,1.13,3.2,1.13,0.68,0.68,0.68
phantom_spawn_egg	item/spawn_egg,item/spawn_egg_overlay	0,-90,25,1.13,3.2,1.13,0.68,0.68,0.68
pig_spawn_egg	item/spawn_egg,item/spawn_egg_overlay	0,-90,25,1.13,3.2,1.13,0.68,0.68,0.68
piglin_banner_pattern	item/piglin_banner_pattern	0,-90,25,1.13,3.2,1.13,0.68,0.68,0.68
piglin_brute_spawn_egg	item/spawn_egg,item/spawn_egg_overlay	0,-90,25,1.13,3.2,1.13,0.68,0.68,0.68
piglin_spawn_egg	item/spawn_egg,item/spawn_egg_overlay	0,-90,25,1.13,3.2,1.13,0.68,0.68,0.68
pillager_spawn_egg	item/spawn_egg,item/spawn_egg_overlay	0,-90,25,1.13,3.2,1.13,0.68,0.68,0.68
pink_candle	item/pink_candle	0,-90,25,1.13,3.2,1.13,0.68,0.68,0.68
pink_dye	item/pink_dye	0,-90,25,1.13,3.2,1.13,0.68,0.68,0.68
pink_petals	item/pink_petals	0,-90,25,1.13,3.2,1.13,0.68,0.68,0.68
pink_stained_glass_pane	block/pink_stained_glass	0,-90,25,1.13,3.2,1.13,0.68,0.68,0.68
pink_tulip	block/pink_tulip	0,-90,25,1.13,3.2,1.13,0.68,0.68,0.68
pitcher_plant	item/pitcher_plant	0,-90,25,1.13,3.2,1.13,0.68,0.68,0.68
pitcher_pod	item/pitcher_pod	0,-90,25,1.13,3.2,1.13,0.68,0.68,0.68
plenty_pottery_sherd	item/plenty_pottery_sherd	0,-90,25,1.13,3.2,1.13,0.68,0.68,0.68
pointed_dripstone	item/pointed_dripstone	0,100,0,0,-2,0,0.9,0.9,0.9
poisonous_potato	item/poisonous_potato	0,-90,25,1.13,3.2,1.13,0.68,0.68,0.68
polar_bear_spawn_egg	item/spawn_egg,item/spawn_egg_overlay	0,-90,25,1.13,3.2,1.13,0.68,0.68,0.68
popped_chorus_fruit	item/popped_chorus_fruit	0,-90,25,1.13,3.2,1.13,0.68,0.68,0.68
poppy	block/poppy	0,-90,25,1.13,3.2,1.13,0.68,0.68,0.68
porkchop	item/porkchop	0,-90,25,1.13,3.2,1.13,0.68,0.68,0.68
potato	item/potato	0,-90,25,1.13,3.2,1.13,0.68,0.68,0.68
potion	item/potion_overlay,item/potion	0,-90,25,1.13,3.2,1.13,0.68,0.68,0.68
powder_snow_bucket	item/powder_snow_bucket	0,-90,25,1.13,3.2,1.13,0.68,0.68,0.68
powered_rail	block/powered_rail	0,-90,25,1.13,3.2,1.13,0.68,0.68,0.68
prismarine_crystals	item/prismarine_crystals	0,-90,25,1.13,3.2,1.13,0.68,0.68,0.68
prismarine_shard	item/prismarine_shard	0,-90,25,1.13,3.2,1.13,0.68,0.68,0.68
prize_pottery_sherd	item/prize_pottery_sherd	0,-90,25,1.13,3.2,1.13,0.68,0.68,0.68
pufferfish	item/pufferfish	0,-90,25,1.13,3.2,1.13,0.68,0.68,0.68
pufferfish_bucket	item/pufferfish_bucket	0,-90,25,1.13,3.2,1.13,0.68,0.68,0.68
pufferfish_spawn_egg	item/spawn_egg,item/spawn_egg_overlay	0,-90,25,1.13,3.2,1.13,0.68,0.68,0.68
pumpkin_pie	item/pumpkin_pie	0,-90,25,1.13,3.2,1.13,0.68,0.68,0.68
pumpkin_seeds	item/pumpkin_seeds	0,-90,25,1.13,3.2,1.13,0.68,0.68,0.68
purple_candle	item/purple_candle	0,-90,25,1.13,3.2,1.13,0.68,0.68,0.68
purple_dye	item/purple_dye	0,-90,25,1.13,3.2,1.13,0.68,0.68,0.68
purple_stained_glass_pane	block/purple_stained_glass	0,-90,25,1.13,3.2,1.13,0.68,0.68,0.68
quartz	item/quartz	0,-90,25,1.13,3.2,1.13,0.68,0.68,0.68
rabbit	item/rabbit	0,-90,25,1.13,3.2,1.13,0.68,0.68,0.68
rabbit_foot	item/rabbit_foot	0,-90,25,1.13,3.2,1.13,0.68,0.68,0.68
rabbit_hide	item/rabbit_hide	0,-90,25,1.13,3.2,1.13,0.68,0.68,0.68
rabbit_spawn_egg	item/spawn_egg,item/spawn_egg_overlay	0,-90,25,1.13,3.2,1.13,0.68,0.68,0.68
rabbit_stew	item/rabbit_stew	0,-90,25,1.13,3.2,1.13,0.68,0.68,0.68
rail	block/rail	0,-90,25,1.13,3.2,1.13,0.68,0.68,0.68
raiser_armor_trim_smithing_template	item/raiser_armor_trim_smithing_template	0,-90,25,1.13,3.2,1.13,0.68,0.68,0.68
ravager_spawn_egg	item/spawn_egg,item/spawn_egg_overlay	0,-90,25,1.13,3.2,1.13,0.68,0.68,0.68
raw_copper	item/raw_copper	0,-90,25,1.13,3.2,1.13,0.68,0.68,0.68
raw_gold	item/raw_gold	0,-90,25,1.13,3.2,1.13,0.68,0.68,0.68
raw_iron	item/raw_iron	0,-90,25,1.13,3.2,1.13,0.68,0.68,0.68
recovery_compass	item/recovery_compass_16	0,-90,25,1.13,3.2,1.13,0.68,0.68,0.68
recovery_compass_00	item/recovery_compass_00	0,-90,25,1.13,3.2,1.13,0.68,0.68,0.68
recovery_compass_01	item/recovery_compass_01	0,-90,25,1.13,3.2,1.13,0.68,0.68,0.68
recovery_compass_02	item/recovery_compass_02	0,-90,25,1.13,3.2,1.13,0.68,0.68,0.68
recovery_compass_03	item/recovery_compass_03	0,-90,25,1.13,3.2,1.13,0.68,0.68,0.68
recovery_compass_04	item/recovery_compass_04	0,-90,25,1.13,3.2,1.13,0.68,0.68,0.68
recovery_compass_05	item/recovery_compass_05	0,-90,25,1.13,3.2,1.13,0.68,0.68,0.68
recovery_compass_06	item/recovery_compass_06	0,-90,25,1.13,3.2,1.13,0.68,0.68,0.68
recovery_compass_07	item/recovery_compass_07	0,-90,25,1.13,3.2,1.13,0.68,0.68,0.68
recovery_compass_08	item/recovery_compass_08	0,-90,25,1.13,3.2,1.13,0.68,0.68,0.68
recovery_compass_09	item/recovery_compass_09	0,-90,25,1.13,3.2,1.13,0.68,0.68,0.68
recovery_compass_10	item/recovery_compass_10	0,-90,25,1.13,3.2,1.13,0.68,0.68,0.68
recovery_compass_11	item/recovery_compass_11	0,-90,25,1.13,3.2,1.13,0.68,0.68,0.68
recovery_compass_12	item/recovery_compass_12	0,-90,25,1.13,3.2,1.13,0.68,0.68,0.68
recovery_compass_13	item/recovery_compass_13	0,-90,25,1.13,3.2,1.13,0.68,0.68,0.68
recovery_compass_14	item/recovery_compass_14	0,-90,25,1.13,3.2,1.13,0.68,0.68,0.68
recovery_compass_15	item/recovery_compass_15	0,-90,25,1.13,3.2,1.13,0.68,0.68,0.68
recovery_compass_17	item/recovery_compass_17	0,-90,25,1.13,3.2,1.13,0.68,0.68,0.68
recovery_compass_18	item/recovery_compass_18	0,-90,25,1.13,3.2,1.13,0.68,0.68,0.68
recovery_compass_19	item/recovery_compass_19	0,-90,25,1.13,3.2,1.13,0.68,0.68,0.68
recovery_compass_20	item/recovery_compass_20	0,-90,25,1.13,3.2,1.13,0.68,0.68,0.68
recovery_compass_21	item/recovery_compass_21	0,-90,25,1.13,3.2,1.13,0.68,0.68,0.68
recovery_compass_22	item/recovery_compass_22	0,-90,25,1.13,3.2,1.13,0.68,0.68,0.68
recovery_compass_23	item/recovery_compass_23	0,-90,25,1.13,3.2,1.13,0.68,0.68,0.68
recovery_compass_24	item/recovery_compass_24	0,-90,25,1.13,3.2,1.13,0.68,0.68,0.68
recovery_compass_25	item/recovery_compass_25	0,-90,25,1.13,3.2,1.13,0.68,0.68,0.68
recovery_compass_26	item/recovery_compass_26	0,-90,25,1.13,3.2,1.13,0.68,0.68,0.68
recovery_compass_27	item/recovery_compass_27	0,-90,25,1.13,3.2,1.13,0.68,0.68,0.68
recovery_compass_28	item/recovery_compass_28	0,-90,25,1.13,3.2,1.13,0.68,0.68,0.68
recovery_compass_29	item/recovery_compass_29	0,-90,25,1.13,3.2,1.13,0.68,0.68,0.68
recovery_compass_30	item/recovery_compass_30	0,-90,25,1.13,3.2,1.13,0.68,0.68,0.68
recovery_compass_31	item/recovery_compass_31	0,-90,25,1.13,3.2,1.13,0.68,0.68,0.68
red_candle	item/red_candle	0,-90,25,1.13,3.2,1.13,0.68,0.68,0.68
red_dye	item/red_dye	0,-90,25,1.13,3.2,1.13,0.68,0.68,0.68
red_mushroom	block/red_mushroom	0,-90,25,1.13,3.2,1.13,0.68,0.68,0.68
red_stained_glass_pane	block/red_stained_glass	0,-90,25,1.13,3.2,1.13,0.68,0.68,0.68
red_tulip	block/red_tulip	0,-90,25,1.13,3.2,1.13,0.68,0.68,0.68
redstone	item/redstone	0,-90,25,1.13,3.2,1.13,0.68,0.68,0.68
redstone_torch	block/redstone_torch	0,-90,25,1.13,3.2,1.13,0.68,0.68,0.68
repeater	item/repeater	0,-90,25,1.13,3.2,1.13,0.68,0.68,0.68
rib_armor_trim_smithing_template	item/rib_armor_trim_smithing_template	0,-90,25,1.13,3.2,1.13,0.68,0.68,0.68
rose_bush	block/rose_bush_top	0,-90,25,1.13,3.2,1.13,0.68,0.68,0.68
rotten_flesh	item/rotten_flesh	0,-90,25,1.13,3.2,1.13,0.68,0.68,0.68
saddle	item/saddle	0,-90,25,1.13,3.2,1.13,0.68,0.68,0.68
salmon	item/salmon	0,-90,25,1.13,3.2,1.13,0.68,0.68,0.68
salmon_bucket	item/salmon_bucket	0,-90,25,1.13,3.2,1.13,0.68,0.68,0.68
salmon_spawn_egg	item/spawn_egg,item/spawn_egg_overlay	0,-90,25,1.13,3.2,1.13,0.68,0.68,0.68
sculk_vein	block/sculk_vein	0,-90,25,1.13,3.2,1.13,0.68,0.68,0.68
scute	item/scute	0,-90,25,1.13,3.2,1.13,0.68,0.68,0.68
sea_pickle	item/sea_pickle	0,-90,25,1.13,3.2,1.13,0.68,0.68,0.68
seagrass	item/seagrass	0,-90,25,1.13,3.2,1.13,0.68,0.68,0.68
sentry_armor_trim_smithing_template	item/sentry_armor_trim_smithing_template	0,-90,25,1.13,3.2,1.13,0.68,0.68,0.68
shaper_armor_trim_smithing_template	item/shaper_armor_trim_smithing_template	0,-90,25,1.13,3.2,1.13,0.68,0.68,0.68
sheaf_pottery_sherd	item/sheaf_pottery_sherd	0,-90,25,1.13,3.2,1.13,0.68,0.68,0.68
shears	item/shears	0,-90,25,1.13,3.2,1.13,0.68,0.68,0.68
sheep_spawn_egg	item/spawn_egg,item/spawn_egg_overlay	0,-90,25,1.13,3.2,1.13,0.68,0.68,0.68
shelter_pottery_sherd	item/shelter_pottery_sherd	0,-90,25,1.13,3.2,1.13,0.68,0.68,0.68
shulker_shell	item/shulker_shell	0,-90,25,1.13,3.2,1.13,0.68,0.68,0.68
shulker_spawn_egg	item/spawn_egg,item/spawn_egg_overlay	0,-90,25,1.13,3.2,1.13,0.68,0.68,0.68
silence_armor_trim_smithing_template	item/silence_armor_trim_smithing_template	0,-90,25,1.13,3.2,1.13,0.68,0.68,0.68
silverfish_spawn_egg	item/spawn_egg,item/spawn_egg_overlay	0,-90,25,1.13,3.2,1.13,0.68,0.68,0.68
skeleton_horse_spawn_egg	item/spawn_egg,item/spawn_egg_overlay	0,-90,25,1.13,3.2,1.13,0.68,0.68,0.68
skeleton_spawn_egg	item/spawn_egg,item/spawn_egg_overlay	0,-90,25,1.13,3.2,1.13,0.68,0.68,0.68
skull_banner_pattern	item/skull_banner_pattern	0,-90,25,1.13,3.2,1.13,0.68,0.68,0.68
skull_pottery_sherd	item/skull_pottery_sherd	0,-90,25,1.13,3.2,1.13,0.68,0.68,0.68
slime_ball	item/slime_ball	0,-90,25,1.13,3.2,1.13,0.68,0.68,0.68
slime_spawn_egg	item/spawn_egg,item/spawn_egg_overlay	0,-90,25,1.13,3.2,1.13,0.68,0.68,0.68
small_amethyst_bud	block/small_amethyst_bud	0,-90,25,0,6,0,0.68,0.68,0.68
sniffer_egg	item/sniffer_egg	0,-90,25,1.13,3.2,1.13,0.68,0.68,0.68
sniffer_spawn_egg	item/spawn_egg,item/spawn_egg_overlay	0,-90,25,1.13,3.2,1.13,0.68,0.68,0.68
snort_pottery_sherd	item/snort_pottery_sherd	0,-90,25,1.13,3.2,1.13,0.68,0.68,0.68
snout_armor_trim_smithing_template	item/snout_armor_trim_smithing_template	0,-90,25,1.13,3.2,1.13,0.68,0.68,0.68
snow_golem_spawn_egg	item/spawn_egg,item/spawn_egg_overlay	0,-90,25,1.13,3.2,1.13,0.68,0.68,0.68
snowball	item/snowball	0,-90,25,1.13,3.2,1.13,0.68,0.68,0.68
soul_campfire	item/soul_campfire	0,-90,25,1.13,3.2,1.13,0.68,0.68,0.68
soul_lantern	item/soul_lantern	0,-90,25,1.13,3.2,1.13,0.68,0.68,0.68
soul_torch	block/soul_torch	0,-90,25,1.13,3.2,1.13,0.68,0.68,0.68
spectral_arrow	item/spectral_arrow	0,-90,25,1.13,3.2,1.13,0.68,0.68,0.68
spider_eye	item/spider_eye	0,-90,25,1.13,3.2,1.13,0.68,0.68,0.68
spider_spawn_egg	item/spawn_egg,item/spawn_egg_overlay	0,-90,25,1.13,3.2,1.13,0.68,0.68,0.68
spire_armor_trim_smithing_template	item/spire_armor_trim_smithing_template	0,-90,25,1.13,3.2,1.13,0.68,0.68,0.68
splash_potion	item/potion_overlay,item/splash_potion	0,-90,25,1.13,3.2,1.13,0.68,0.68,0.68
spruce_boat	item/spruce_boat	0,-90,25,1.13,3.2,1.13,0.68,0.68,0.68
spruce_chest_boat	item/spruce_chest_boat	0,-90,25,1.13,3.2,1.13,0.68,0.68,0.68
spruce_door	item/spruce_door	0,-90,25,1.13,3.2,1.13,0.68,0.68,0.68
spruce_hanging_sign	item/spruce_hanging_sign	0,-90,25,1.13,3.2,1.13,0.68,0.68,0.68
spruce_sapling	block/spruce_sapling	0,-90,25,1.13,3.2,1.13,0.68,0.68,0.68
spruce_sign	item/spruce_sign	0,-90,25,1.13,3.2,1.13,0.68,0.68,0.68
spyglass	item/spyglass	0,-90,25,1.13,3.2,1.13,0.68,0.68,0.68
squid_spawn_egg	item/spawn_egg,item/spawn_egg_overlay	0,-90,25,1.13,3.2,1.13,0.68,0.68,0.68
stick	item/stick	0,-90,25,1.13,3.2,1.13,0.68,0.68,0.68
stone_axe	item/stone_axe	0,-90,25,1.13,3.2,1.13,0.68,0.68,0.68
stone_hoe	item/stone_hoe	0,-90,25,1.13,3.2,1.13,0.68,0.68,0.68
stone_pickaxe	item/stone_pickaxe	0,-90,25,1.13,3.2,1.13,0.68,0.68,0.68
stone_shovel	item/stone_shovel	0,-90,25,1.13,3.2,1.13,0.68,0.68,0.68
stone_sword	item/stone_sword	0,-90,25,1.13,3.2,1.13,0.68,0.68,0.68
stray_spawn_egg	item/spawn_egg,item/spawn_egg_overlay	0,-90,25,1.13,3.2,1.13,0.68,0.68,0.68
strider_spawn_egg	item/spawn_egg,item/spawn_egg_overlay	0,-90,25,1.13,3.2,1.13,0.68,0.68,0.68
string	item/string	0,-90,25,1.13,3.2,1.13,0.68,0.68,0.68
structure_void	item/structure_void	0,-90,25,1.13,3.2,1.13,0.68,0.68,0.68
sugar	item/sugar	0,-90,25,1.13,3.2,1.13,0.68,0.68,0.68
sugar_cane	item/sugar_cane	0,-90,25,1.13,3.2,1.13,0.68,0.68,0.68
sunflower	block/sunflower_front	0,-90,25,1.13,3.2,1.13,0.68,0.68,0.68
suspicious_stew	item/suspicious_stew	0,-90,25,1.13,3.2,1.13,0.68,0.68,0.68
sweet_berries	item/sweet_berries	0,-90,25,1.13,3.2,1.13,0.68,0.68,0.68
tadpole_bucket	item/tadpole_bucket	0,-90,25,1.13,3.2,1.13,0.68,0.68,0.68
tadpole_spawn_egg	item/spawn_egg,item/spawn_egg_overlay	0,-90,25,1.13,3.2,1.13,0.68,0.68,0.68
tall_grass	block/tall_grass_top	0,-90,25,1.13,3.2,1.13,0.68,0.68,0.68
template_spawn_egg	item/spawn_egg,item/spawn_egg_overlay	0,-90,25,1.13,3.2,1.13,0.68,0.68,0.68
tide_armor_trim_smithing_template	item/tide_armor_trim_smithing_template	0,-90,25,1.13,3.2,1.13,0.68,0.68,0.68
tipped_arrow	item/tipped_arrow_head,item/tipped_arrow_base	0,-90,25,1.13,3.2,1.13,0.68,0.68,0.68
tnt_minecart	item/tnt_minecart	0,-90,25,1.13,3.2,1.13,0.68,0.68,0.68
tooting_goat_horn	item/goat_horn	0,-55,-5,-1,-2.5,-7.5,1,1,1
torch	block/torch	0,-90,25,1.13,3.2,1.13,0.68,0.68,0.68
torchflower	block/torchflower	0,-90,25,1.13,3.2,1.13,0.68,0.68,0.68
torchflower_seeds	item/torchflower_seeds	0,-90,25,1.13,3.2,1.13,0.68,0.68,0.68
totem_of_undying	item/totem_of_undying	0,-90,25,1.13,3.2,1.13,0.68,0.68,0.68
trader_llama_spawn_egg	item/spawn_egg,item/spawn_egg_overlay	0,-90,25,1.13,3.2,1.13,0.68,0.68,0.68
trident	item/trident	0,-90,25,1.13,3.2,1.13,0.68,0.68,0.68
tripwire_hook	block/tripwire_hook	0,-90,25,1.13,3.2,1.13,0.68,0.68,0.68
tropical_fish	item/tropical_fish	0,-90,25,1.13,3.2,1.13,0.68,0.68,0.68
tropical_fish_bucket	item/tropical_fish_bucket	0,-90,25,1.13,3.2,1.13,0.68,0.68,0.68
tropical_fish_spawn_egg	item/spawn_egg,item/spawn_egg_overlay	0,-90,25,1.13,3.2,1.13,0.68,0.68,0.68
tube_coral	block/tube_coral	0,-90,25,1.13,3.2,1.13,0.68,0.68,0.68
tube_coral_fan	block/tube_coral_fan	0,-90,25,1.13,3.2,1.13,0.68,0.68,0.68
turtle_egg	item/turtle_egg	0,-90,25,1.13,3.2,1.13,0.68,0.68,0.68
turtle_helmet	item/turtle_helmet	0,-90,25,1.13,3.2,1.13,0.68,0.68,0.68
turtle_helmet_amethyst_trim	item/turtle_helmet,trims/items/helmet_trim@amethyst	0,-90,25,1.13,3.2,1.13,0.68,0.68,0.68
turtle_helmet_copper_trim	item/turtle_helmet,trims/items/helmet_trim@copper	0,-90,25,1.13,3.2,1.13,0.68,0.68,0.68
turtle_helmet_diamond_trim	item/turtle_helmet,trims/items/helmet_trim@diamond	0,-90,25,1.13,3.2,1.13,0.68,0.68,0.68
turtle_helmet_emerald_trim	item/turtle_helmet,trims/items/helmet_trim@emerald	0,-90,25,1.13,3.2,1.13,0.68,0.68,0.68
turtle_helmet_gold_trim	item/turtle_helmet,trims/items/helmet_trim@gold	0,-90,25,1.13,3.2,1.13,0.68,0.68,0.68
turtle_helmet_iron_trim	item/turtle_helmet,trims/items/helmet_trim@iron	0,-90,25,1.13,3.2,1.13,0.68,0.68,0.68
turtle_helmet_lapis_trim	item/turtle_helmet,trims/items/helmet_trim@lapis	0,-90,25,1.13,3.2,1.13,0.68,0.68,0.68
turtle_helmet_netherite_trim	item/turtle_helmet,trims/items/helmet_trim@netherite	0,-90,25,1.13,3.2,1.13,0.68,0.68,0.68
turtle_helmet_quartz_trim	item/turtle_helmet,trims/items/helmet_trim@quartz	0,-90,25,1.13,3.2,1.13,0.68,0.68,0.68
turtle_helmet_redstone_trim	item/turtle_helmet,trims/items/helmet_trim@redstone	0,-90,25,1.13,3.2,1.13,0.68,0.68,0.68
turtle_spawn_egg	item/spawn_egg,item/spawn_egg_overlay	0,-90,25,1.13,3.2,1.13,0.68,0.68,0.68
twisting_vines	block/twisting_vines_plant	0,-90,25,1.13,3.2,1.13,0.68,0.68,0.68
vex_armor_trim_smithing_template	item/vex_armor_trim_smithing_template	0,-90,25,1.13,3.2,1.13,0.68,0.68,0.68
vex_spawn_egg	item/spawn_egg,item/spawn_egg_overlay	0,-90,25,1.13,3.2,1.13,0.68,0.68,0.68
villager_spawn_egg	item/spawn_egg,item/spawn_egg_overlay	0,-90,25,1.13,3.2,1.13,0.68,0.68,0.68
vindicator_spawn_egg	item/spawn_egg,item/spawn_egg_overlay	0,-90,25,1.13,3.2,1.13,0.68,0.68,0.68
vine	block/vine	0,-90,25,1.13,3.2,1.13,0.68,0.68,0.68
wandering_trader_spawn_egg	item/spawn_egg,item/spawn_egg_overlay	0,-90,25,1.13,3.2,1.13,0.68,0.68,0.68
ward_armor_trim_smithing_template	item/ward_armor_trim_smithing_template	0,-90,25,1.13,3.2,1.13,0.68,0.68,0.68
warden_spawn_egg	item/spawn_egg,item/spawn_egg_overlay	0,-90,25,1.13,3.2,1.13,0.68,0.68,0.68
warped_door	item/warped_door	0,-90,25,1.13,3.2,1.13,0.68,0.68,0.68
warped_fungus	block/warped_fungus	0,-90,25,1.13,3.2,1.13,0.68,0.68,0.68
warped_fungus_on_a_stick	item/warped_fungus_on_a_stick	0,90,25,0,1.6,0.8,0.68,0.68,0.68
warped_hanging_sign	item/warped_hanging_sign	0,-90,25,1.13,3.2,1.13,0.68,0.68,0.68
warped_roots	block/warped_roots	0,-90,25,1.13,3.2,1.13,0.68,0.68,0.68
warped_sign	item/warped_sign	0,-90,25,1.13,3.2,1.13,0.68,0.68,0.68
water_bucket	item/water_bucket	0,-90,25,1.13,3.2,1.13,0.68,0.68,0.68
wayfinder_armor_trim_smithing_template	item/wayfinder_armor_trim_smithing_template	0,-90,25,1.13,3.2,1.13,0.68,0.68,0.68
weeping_vines	block/weeping_vines_plant	0,-90,25,1.13,3.2,1.13,0.68,0.68,0.68
wheat	item/wheat	0,-90,25,1.13,3.2,1.13,0.68,0.68,0.68
wheat_seeds	item/wheat_seeds	0,-90,25,1.13,3.2,1.13,0.68,0.68,0.68
white_candle	item/white_candle	0,-90,25,1.13,3.2,1.13,0.68,0.68,0.68
white_dye	item/white_dye	0,-90,25,1.13,3.2,1.13,0.68,0.68,0.68
white_stained_glass_pane	block/white_stained_glass	0,-90,25,1.13,3.2,1.13,0.68,0.68,0.68
white_tulip	block/white_tulip	0,-90,25,1.13,3.2,1.13,0.68,0.68,0.68
wild_armor_trim_smithing_template	item/wild_armor_trim_smithing_template	0,-90,25,1.13,3.2,1.13,0.68,0.68,0.68
witch_spawn_egg	item/spawn_egg,item/spawn_egg_overlay	0,-90,25,1.13,3.2,1.13,0.68,0.68,0.68
wither_rose	block/wither_rose	0,-90,25,1.13,3.2,1.13,0.68,0.68,0.68
wither_skeleton_spawn_egg	item/spawn_egg,item/spawn_egg_overlay	0,-90,25,1.13,3.2,1.13,0.68,0.68,0.68
wither_spawn_egg	item/spawn_egg,item/spawn_egg_overlay	0,-90,25,1.13,3.2,1.13,0.68,0.68,0.68
wolf_spawn_egg	item/spawn_egg,item/spawn_egg_overlay	0,-90,25,1.13,3.2,1.13,0.68,0.68,0.68
wooden_axe	item/wooden_axe	0,-90,25,1.13,3.2,1.13,0.68,0.68,0.68
wooden_hoe	item/wooden_hoe	0,-90,25,1.13,3.2,1.13,0.68,0.68,0.68
wooden_pickaxe	item/wooden_pickaxe	0,-90,25,1.13,3.2,1.13,0.68,0.68,0.68
wooden_shovel	item/wooden_shovel	0,-90,25,1.13,3.2,1.13,0.68,0.68,0.68
wooden_sword	item/wooden_sword	0,-90,25,1.13,3.2,1.13,0.68,0.68,0.68
writable_book	item/writable_book	0,-90,25,1.13,3.2,1.13,0.68,0.68,0.68
written_book	item/written_book	0,-90,25,1.13,3.2,1.13,0.68,0.68,0.68
yellow_candle	item/yellow_candle	0,-90,25,1.13,3.2,1.13,0.68,0.68,0.68
yellow_dye	item/yellow_dye	0,-90,25,1.13,3.2,1.13,0.68,0.68,0.68
yellow_stained_glass_pane	block/yellow_stained_glass	0,-90,25,1.13,3.2,1.13,0.68,0.68,0.68
zoglin_spawn_egg	item/spawn_egg,item/spawn_egg_overlay	0,-90,25,1.13,3.2,1.13,0.68,0.68,0.68
zombie_horse_spawn_egg	item/spawn_egg,item/spawn_egg_overlay	0,-90,25,1.13,3.2,1.13,0.68,0.68,0.68
zombie_spawn_egg	item/spawn_egg,item/spawn_egg_overlay	0,-90,25,1.13,3.2,1.13,0.68,0.68,0.68
zombie_villager_spawn_egg	item/spawn_egg,item/spawn_egg_overlay	0,-90,25,1.13,3.2,1.13,0.68,0.68,0.68
zombified_piglin_spawn_egg	item/spawn_egg,item/spawn_egg_overlay	0,-90,25,1.13,3.2,1.13,0.68,0.68,0.68
